metric,method_a,method_b,n_splits,method_a_mean,method_b_mean,mean_difference_a_minus_b,median_difference_a_minus_b,wilcoxon_statistic,p_value_raw,rank_biserial,p_value_holm,alpha,significant_holm
f1_macro,instance_level,true_pair,6,0.7559285463065528,0.7540554978913284,0.0018730484152245097,0.003825690850692731,5.0,0.3125,0.5238095238095238,0.65625,0.05,False
f1_macro,instance_level,shuffled_pair,6,0.7559285463065528,0.7511399467474272,0.004788599559125806,0.0042679678006006805,4.0,0.21875,0.6190476190476191,0.65625,0.05,False
f1_macro,true_pair,shuffled_pair,6,0.7540554978913284,0.7511399467474272,0.002915551143901296,0.0012897804587436723,5.0,0.3125,0.5238095238095238,0.65625,0.05,False
pair_ranking_accuracy,instance_level,true_pair,6,0.8367933723196881,0.843421052631579,-0.006627680311890816,-0.005409356725146142,2.0,0.09375,-0.8095238095238095,0.1875,0.05,False
pair_ranking_accuracy,instance_level,shuffled_pair,6,0.8367933723196881,0.8377680311890838,-0.0009746588693957022,-0.0011695906432748204,8.0,0.6875,-0.23809523809523808,0.6875,0.05,False
pair_ranking_accuracy,true_pair,shuffled_pair,6,0.843421052631579,0.8377680311890838,0.005653021442495114,0.005555555555555591,0.0,0.03125,1.0,0.09375,0.05,False
pair_exact_match,instance_level,true_pair,6,0.5434210526315789,0.5384502923976608,0.004970760233918098,0.006286549707602285,3.0,0.15625,0.7142857142857143,0.46875,0.05,False
pair_exact_match,instance_level,shuffled_pair,6,0.5434210526315789,0.5330409356725148,0.010380116959064314,0.011988304093567215,3.0,0.15625,0.7142857142857143,0.46875,0.05,False
pair_exact_match,true_pair,shuffled_pair,6,0.5384502923976608,0.5330409356725148,0.005409356725146215,0.002485380116959035,4.0,0.21875,0.6190476190476191,0.46875,0.05,False
