method,split_seed,model_seed,experiment_id,attempt,config_hash,dataset_hash,source_hash,best_validation_f1_macro,best_epoch,epochs_trained,optimizer_steps,skipped_optimizer_steps,planned_training_steps,warmup_steps,accuracy,precision_non_pun,recall_non_pun,f1_non_pun,precision_pun,recall_pun,f1_pun,precision_macro,recall_macro,f1_macro,precision_weighted,recall_weighted,f1_weighted,tp,tn,fp,fn,pair_count,pair_ranking_accuracy,pair_exact_match,pair_ties,mean_pair_margin,median_pair_margin,std_pair_margin,min_pair_margin,max_pair_margin,duration_seconds,peak_allocated_gb,peak_reserved_gb
instance_level,13,13,c1e35c76996ed8577bf3f8717b7df6e3e2e925612ee8b9d7d5abfb004c9c3a39,1,305e3495b43a886d059a1fce4de68e207b348d3387f75743b03acdc165a26e03,9ce99da3bd3c0afda70f6d676fc22c54e49d0829cdc88be60b0a15fded3d53d6,c27fc568075a203a6a1a25386e3f219f1bb93da234e54787f99a1b7f5c46dde9,0.8017244829167833,2,4,1996,0,2994,299,0.756140350877193,0.7552447552447552,0.7578947368421053,0.7565674255691769,0.7570422535211268,0.7543859649122807,0.7557117750439367,0.756143504382941,0.756140350877193,0.7561396003065568,0.756143504382941,0.756140350877193,0.7561396003065568,430,432,138,140,570,0.8508771929824561,0.5403508771929825,0,2.2454027744761684,2.08447265625,2.168090747504485,-5.26171875,6.28515625,120.43154090002645,6.4362568855285645,6.74609375
instance_level,13,21,a266da74596288725a30a2713daee43996fd5c2321a36e3fb91f261fb4bc34c3,1,305e3495b43a886d059a1fce4de68e207b348d3387f75743b03acdc165a26e03,9ce99da3bd3c0afda70f6d676fc22c54e49d0829cdc88be60b0a15fded3d53d6,c27fc568075a203a6a1a25386e3f219f1bb93da234e54787f99a1b7f5c46dde9,0.804526145052908,4,6,2994,0,2994,299,0.7508771929824561,0.7241379310344828,0.8105263157894737,0.7649006622516556,0.7848605577689243,0.6912280701754386,0.7350746268656716,0.7544992444017036,0.7508771929824561,0.7499876445586636,0.7544992444017036,0.7508771929824561,0.7499876445586637,394,462,108,176,570,0.843859649122807,0.5280701754385965,1,4.251065478408546,4.4130859375,4.201309070691195,-8.859375,10.90625,178.09171311499085,6.4362568855285645,6.74609375
instance_level,13,40,545a5826a07e69b76fb17ca978aa965757e6e4a5b571136b3620ed311ea04548,1,305e3495b43a886d059a1fce4de68e207b348d3387f75743b03acdc165a26e03,9ce99da3bd3c0afda70f6d676fc22c54e49d0829cdc88be60b0a15fded3d53d6,c27fc568075a203a6a1a25386e3f219f1bb93da234e54787f99a1b7f5c46dde9,0.8122755016297774,5,6,2994,0,2994,299,0.7649122807017544,0.7686832740213523,0.7578947368421053,0.7632508833922261,0.7612456747404844,0.7719298245614035,0.7665505226480837,0.7649644743809183,0.7649122807017543,0.7649007030201549,0.7649644743809183,0.7649122807017544,0.7649007030201549,440,432,138,130,570,0.843859649122807,0.5649122807017544,0,6.1087999176560785,6.74609375,5.604829049696624,-11.78125,14.03125,178.98786020209081,6.4362568855285645,6.74609375
instance_level,13,42,deeeaae00c96915622efca6caf98384164eedec6bde5ece1f6f9f1189726f583,1,305e3495b43a886d059a1fce4de68e207b348d3387f75743b03acdc165a26e03,9ce99da3bd3c0afda70f6d676fc22c54e49d0829cdc88be60b0a15fded3d53d6,c27fc568075a203a6a1a25386e3f219f1bb93da234e54787f99a1b7f5c46dde9,0.819297689435794,5,6,2994,0,2994,299,0.7657894736842106,0.7625649913344887,0.7719298245614035,0.7672188317349607,0.7690941385435168,0.7596491228070176,0.764342453662842,0.7658295649390028,0.7657894736842106,0.7657806426989013,0.7658295649390028,0.7657894736842106,0.7657806426989014,433,440,130,137,570,0.8456140350877193,0.5684210526315789,1,6.184197917737459,7.46875,5.794007010446074,-11.609375,13.5625,178.4646295720013,6.4362568855285645,6.74609375
instance_level,13,73,ab23ecc57b9336bd9fcc7149a2a0db8af3ca876db165f4b5758c61940c2f1234,1,305e3495b43a886d059a1fce4de68e207b348d3387f75743b03acdc165a26e03,9ce99da3bd3c0afda70f6d676fc22c54e49d0829cdc88be60b0a15fded3d53d6,c27fc568075a203a6a1a25386e3f219f1bb93da234e54787f99a1b7f5c46dde9,0.8086016801648743,5,6,2994,0,2994,299,0.7666666666666667,0.7524916943521595,0.7947368421052632,0.773037542662116,0.7825278810408922,0.7385964912280701,0.759927797833935,0.7675097876965258,0.7666666666666666,0.7664826702480255,0.7675097876965258,0.7666666666666667,0.7664826702480255,421,453,117,149,570,0.8543859649122807,0.5578947368421052,1,6.376393609297903,7.55859375,5.7121874565258075,-12.921875,14.421875,179.2879368480062,6.4362568855285645,6.74609375
instance_level,13,101,6b4303999d716ea37b77e4afbd12353f9b297b79d2bdb38b85e8eeacd0c4f4ec,1,305e3495b43a886d059a1fce4de68e207b348d3387f75743b03acdc165a26e03,9ce99da3bd3c0afda70f6d676fc22c54e49d0829cdc88be60b0a15fded3d53d6,c27fc568075a203a6a1a25386e3f219f1bb93da234e54787f99a1b7f5c46dde9,0.7901422874274099,5,6,2994,0,2994,299,0.7596491228070176,0.7334384858044164,0.8157894736842105,0.7724252491694352,0.7924901185770751,0.7035087719298245,0.7453531598513011,0.7629643021907457,0.7596491228070175,0.7588892045103681,0.7629643021907457,0.7596491228070176,0.7588892045103682,401,465,105,169,570,0.8315789473684211,0.543859649122807,2,5.8459421258223685,7.46484375,5.393805026408447,-12.65625,13.515625,180.5929672679631,6.4362568855285645,6.74609375
instance_level,21,13,736c17270a15bd383308471a4c3d182bd8ba998ad313331eaad22b9d7804e127,1,305e3495b43a886d059a1fce4de68e207b348d3387f75743b03acdc165a26e03,777957b527fbf66016b0c688daf6670149d9247f4acbb5d1d1a9c08a11b46d65,c27fc568075a203a6a1a25386e3f219f1bb93da234e54787f99a1b7f5c46dde9,0.7870895446364902,5,6,2994,0,2994,299,0.7780701754385965,0.7585644371941273,0.8157894736842105,0.7861369399830939,0.8007590132827325,0.7403508771929824,0.7693710118505014,0.7796617252384299,0.7780701754385965,0.7777539759167976,0.7796617252384298,0.7780701754385965,0.7777539759167975,422,465,105,148,570,0.8350877192982457,0.5912280701754385,3,6.362575276692708,7.828125,5.791558318671136,-13.65625,14.03125,179.04955743497703,6.4362568855285645,6.74609375
instance_level,21,21,627653ab7c509654a0f249c0aef9250383eb41dc3841b00fdbbef456bc11c163,1,305e3495b43a886d059a1fce4de68e207b348d3387f75743b03acdc165a26e03,777957b527fbf66016b0c688daf6670149d9247f4acbb5d1d1a9c08a11b46d65,c27fc568075a203a6a1a25386e3f219f1bb93da234e54787f99a1b7f5c46dde9,0.781484962406015,4,6,2994,0,2994,299,0.7614035087719299,0.75,0.7842105263157895,0.7667238421955404,0.7738970588235294,0.7385964912280701,0.755834829443447,0.7619485294117647,0.7614035087719297,0.7612793358194937,0.7619485294117646,0.7614035087719299,0.7612793358194937,421,447,123,149,570,0.8298245614035088,0.5491228070175439,7,5.308092030307703,6.7294921875,5.162499775243342,-11.203125,11.46875,179.8809501469368,6.4362568855285645,6.74609375
instance_level,21,40,7b0dbe1d9339988685d131060ded06fac8559140a403ea74020d1190d0d14bcd,1,305e3495b43a886d059a1fce4de68e207b348d3387f75743b03acdc165a26e03,777957b527fbf66016b0c688daf6670149d9247f4acbb5d1d1a9c08a11b46d65,c27fc568075a203a6a1a25386e3f219f1bb93da234e54787f99a1b7f5c46dde9,0.764808040498097,2,4,1996,0,2994,299,0.7596491228070176,0.7901960784313725,0.7070175438596491,0.7462962962962963,0.734920634920635,0.8122807017543859,0.7716666666666666,0.7625583566760037,0.7596491228070175,0.7589814814814815,0.7625583566760037,0.7596491228070176,0.7589814814814815,463,403,167,107,570,0.8385964912280702,0.5561403508771929,3,1.7264905753888582,1.69140625,1.674291451875062,-3.4609375,5.7109375,119.29519314598292,6.4362568855285645,6.74609375
instance_level,21,42,35e2eaded2b09ceda22e4324d8e6a209dda10d9d602db927461fd18b9dc7f992,1,305e3495b43a886d059a1fce4de68e207b348d3387f75743b03acdc165a26e03,777957b527fbf66016b0c688daf6670149d9247f4acbb5d1d1a9c08a11b46d65,c27fc568075a203a6a1a25386e3f219f1bb93da234e54787f99a1b7f5c46dde9,0.772388879774401,6,6,2994,0,2994,299,0.7675438596491229,0.7335375191424196,0.8403508771929824,0.7833197056418643,0.813141683778234,0.6947368421052632,0.7492904446546831,0.7733396014603269,0.7675438596491229,0.7663050751482736,0.7733396014603269,0.7675438596491229,0.7663050751482736,396,479,91,174,570,0.8280701754385965,0.5578947368421052,7,6.830227607593201,8.708984375,6.324659505172743,-14.359375,14.46875,178.35876474599354,6.4362568855285645,6.74609375
instance_level,21,73,8372efb49b32b25d0273ddf3446e8e8fdf6746e633013de60d0024448bd8b54f,1,305e3495b43a886d059a1fce4de68e207b348d3387f75743b03acdc165a26e03,777957b527fbf66016b0c688daf6670149d9247f4acbb5d1d1a9c08a11b46d65,c27fc568075a203a6a1a25386e3f219f1bb93da234e54787f99a1b7f5c46dde9,0.7870053827695785,4,6,2994,0,2994,299,0.775438596491228,0.7599337748344371,0.8052631578947368,0.7819420783645656,0.792910447761194,0.7456140350877193,0.7685352622061483,0.7764221112978156,0.775438596491228,0.775238670285357,0.7764221112978157,0.775438596491228,0.775238670285357,425,459,111,145,570,0.8473684210526315,0.5807017543859649,2,5.044070086562843,6.265625,4.472193610165233,-10.6015625,11.640625,178.3550994610414,6.4362568855285645,6.74609375
instance_level,21,101,5a8da88180eccb21c7d9fde50851a954a70973bde47a23613bc07d4baf3295e6,1,305e3495b43a886d059a1fce4de68e207b348d3387f75743b03acdc165a26e03,777957b527fbf66016b0c688daf6670149d9247f4acbb5d1d1a9c08a11b46d65,c27fc568075a203a6a1a25386e3f219f1bb93da234e54787f99a1b7f5c46dde9,0.7588408052845641,4,6,2994,0,2994,299,0.7657894736842106,0.7512437810945274,0.7947368421052632,0.7723785166240409,0.7821229050279329,0.7368421052631579,0.7588075880758808,0.7666833430612301,0.7657894736842106,0.7655930523499608,0.7666833430612301,0.7657894736842106,0.7655930523499609,420,453,117,150,570,0.8491228070175438,0.5614035087719298,1,4.077803139937552,4.3916015625,3.7382646445839605,-8.90625,9.8125,178.73704323801212,6.4362568855285645,6.74609375
instance_level,40,13,4c2dadcea1496dcb759df0d0648e2416409e64834fc8e809991bea26e15e8660,1,305e3495b43a886d059a1fce4de68e207b348d3387f75743b03acdc165a26e03,b2e2614b0656a7a0d7d5d9032d1d7dee6b4f06a99bd8a2de8f0649da271d2bdd,c27fc568075a203a6a1a25386e3f219f1bb93da234e54787f99a1b7f5c46dde9,0.733841715139202,1,3,1497,0,2994,299,0.7517543859649123,0.7775628626692457,0.7052631578947368,0.7396504139834407,0.7303370786516854,0.7982456140350878,0.7627829002514669,0.7539499706604655,0.7517543859649123,0.7512166571174538,0.7539499706604655,0.7517543859649123,0.7512166571174537,455,402,168,115,570,0.8421052631578947,0.5263157894736842,0,1.4064952850341796,1.23724365234375,1.394390587469915,-3.435546875,4.109375,89.82916325703263,6.4362568855285645,6.74609375
instance_level,40,21,f277815bf8c80022e7ca8837e0ed2ef9d801dcc36f724f6e077820092325fd23,1,305e3495b43a886d059a1fce4de68e207b348d3387f75743b03acdc165a26e03,b2e2614b0656a7a0d7d5d9032d1d7dee6b4f06a99bd8a2de8f0649da271d2bdd,c27fc568075a203a6a1a25386e3f219f1bb93da234e54787f99a1b7f5c46dde9,0.7519896068308549,5,6,2994,0,2994,299,0.7657894736842106,0.7529215358931552,0.7912280701754386,0.7715996578272027,0.7800369685767098,0.7403508771929824,0.7596759675967597,0.7664792522349325,0.7657894736842106,0.7656378127119812,0.7664792522349325,0.7657894736842106,0.7656378127119812,422,451,119,148,570,0.8333333333333334,0.5578947368421052,5,5.702304505465324,6.8765869140625,5.272772565116302,-11.421875,13.015625,179.59522974898573,6.4362568855285645,6.74609375
instance_level,40,40,15ef900950f9956d51f3db2cbef80f9d6470d9fd695c1a22e8a07491b4a1adcd,1,305e3495b43a886d059a1fce4de68e207b348d3387f75743b03acdc165a26e03,b2e2614b0656a7a0d7d5d9032d1d7dee6b4f06a99bd8a2de8f0649da271d2bdd,c27fc568075a203a6a1a25386e3f219f1bb93da234e54787f99a1b7f5c46dde9,0.7385570615451391,3,5,2495,0,2994,299,0.7640350877192983,0.770197486535009,0.7526315789473684,0.7613132209405501,0.758147512864494,0.775438596491228,0.766695576756288,0.7641724996997514,0.7640350877192983,0.7640043988484191,0.7641724996997514,0.7640350877192983,0.7640043988484191,442,429,141,128,570,0.8491228070175438,0.5596491228070175,4,3.8542055899636787,4.202880859375,3.6387063621549274,-8.3515625,9.8515625,148.2398998879362,6.4362568855285645,6.74609375
instance_level,40,42,ca871c56835015a9dbc6f2465b38d98c4230cc094fd5f7dc0ab5ca4d74ff8949,1,305e3495b43a886d059a1fce4de68e207b348d3387f75743b03acdc165a26e03,b2e2614b0656a7a0d7d5d9032d1d7dee6b4f06a99bd8a2de8f0649da271d2bdd,c27fc568075a203a6a1a25386e3f219f1bb93da234e54787f99a1b7f5c46dde9,0.7298112557097303,2,4,1996,0,2994,299,0.7605263157894737,0.7647058823529411,0.7526315789473684,0.7586206896551724,0.7564766839378239,0.7684210526315789,0.762402088772846,0.7605912831453825,0.7605263157894737,0.7605113892140092,0.7605912831453825,0.7605263157894737,0.7605113892140092,438,429,141,132,570,0.8315789473684211,0.5491228070175439,1,2.0651386997155976,1.9208984375,2.0487007945056384,-4.26953125,6.65625,119.53039726102725,6.4362568855285645,6.74609375
instance_level,40,73,4bd50ab0cce2279a2adee11e29910886cab360b197439b9a13ed10617a3f8bc0,1,305e3495b43a886d059a1fce4de68e207b348d3387f75743b03acdc165a26e03,b2e2614b0656a7a0d7d5d9032d1d7dee6b4f06a99bd8a2de8f0649da271d2bdd,c27fc568075a203a6a1a25386e3f219f1bb93da234e54787f99a1b7f5c46dde9,0.7489922428102029,3,5,2495,0,2994,299,0.7736842105263158,0.7785714285714286,0.7649122807017544,0.7716814159292036,0.7689655172413793,0.7824561403508772,0.7756521739130435,0.7737684729064039,0.7736842105263158,0.7736667949211236,0.7737684729064039,0.7736842105263158,0.7736667949211236,446,436,134,124,570,0.8543859649122807,0.5736842105263158,0,3.7654181095591763,3.885833740234375,3.4373267456377565,-7.0234375,9.3203125,148.8554601270007,6.4362568855285645,6.74609375
instance_level,40,101,74c53b56abce48b56505ce82fe7f8d5cf2f1aa424dd54b55f709cdfe7a826df3,1,305e3495b43a886d059a1fce4de68e207b348d3387f75743b03acdc165a26e03,b2e2614b0656a7a0d7d5d9032d1d7dee6b4f06a99bd8a2de8f0649da271d2bdd,c27fc568075a203a6a1a25386e3f219f1bb93da234e54787f99a1b7f5c46dde9,0.7447585165420569,6,6,2994,0,2994,299,0.7587719298245614,0.7337559429477021,0.8122807017543859,0.7710241465445462,0.7897838899803536,0.7052631578947368,0.7451343836886005,0.7617699164640279,0.7587719298245614,0.7580792651165733,0.7617699164640279,0.7587719298245614,0.7580792651165734,402,463,107,168,570,0.843859649122807,0.5508771929824562,3,6.65912218595806,8.31640625,6.439910306876593,-12.734375,14.734375,179.61855134600773,6.4362568855285645,6.74609375
instance_level,42,13,b7400235a8ceed5117a6d2707f35d3b4e81d4e86b7c4d12a081355d6b556d707,1,305e3495b43a886d059a1fce4de68e207b348d3387f75743b03acdc165a26e03,82f47319636cdabaf5a56f172f68023db0c21b5f83e97554f59db62e8bdb1c96,c27fc568075a203a6a1a25386e3f219f1bb93da234e54787f99a1b7f5c46dde9,0.7701612903225806,5,6,2994,0,2994,299,0.7403508771929824,0.7044776119402985,0.8280701754385965,0.7612903225806451,0.7914893617021277,0.6526315789473685,0.7153846153846154,0.7479834868212131,0.7403508771929825,0.7383374689826303,0.7479834868212131,0.7403508771929824,0.7383374689826303,372,472,98,198,570,0.8473684210526315,0.512280701754386,2,5.33044786955181,5.474609375,5.293050572107729,-11.15625,12.4375,178.99151108704973,6.4362568855285645,6.74609375
instance_level,42,21,9c24c9236561ebc0d23459417cf3c93accf897ca115a1211e0750ee03028d16b,1,305e3495b43a886d059a1fce4de68e207b348d3387f75743b03acdc165a26e03,82f47319636cdabaf5a56f172f68023db0c21b5f83e97554f59db62e8bdb1c96,c27fc568075a203a6a1a25386e3f219f1bb93da234e54787f99a1b7f5c46dde9,0.7643436300583741,6,6,2994,0,2994,299,0.756140350877193,0.7339743589743589,0.8035087719298246,0.7671691792294807,0.7829457364341085,0.7087719298245614,0.7440147329650092,0.7584600477042337,0.756140350877193,0.7555919560972449,0.7584600477042337,0.756140350877193,0.7555919560972449,404,458,112,166,570,0.8280701754385965,0.5421052631578948,4,6.87457275390625,8.3759765625,6.6827573614416975,-14.4375,15.125,179.14930619997904,6.4362568855285645,6.74609375
instance_level,42,40,211b6420e37f853f0e5356ea03e8bf56c04afbda202f3455b00c387c20ad527b,1,305e3495b43a886d059a1fce4de68e207b348d3387f75743b03acdc165a26e03,82f47319636cdabaf5a56f172f68023db0c21b5f83e97554f59db62e8bdb1c96,c27fc568075a203a6a1a25386e3f219f1bb93da234e54787f99a1b7f5c46dde9,0.7754358317738599,3,5,2495,0,2994,299,0.756140350877193,0.7441471571906354,0.7807017543859649,0.761986301369863,0.7693726937269373,0.7315789473684211,0.75,0.7567599254587863,0.756140350877193,0.7559931506849316,0.7567599254587863,0.756140350877193,0.7559931506849314,417,445,125,153,570,0.8315789473684211,0.5526315789473685,2,4.050329964621025,4.25830078125,3.938432765912756,-7.84375,10.4375,148.93137681810185,6.4362568855285645,6.74609375
instance_level,42,42,7a2a8a41db2bd91039fc0f5ab735f66358b2e9492e1a0d8d76b93d627859ce81,1,305e3495b43a886d059a1fce4de68e207b348d3387f75743b03acdc165a26e03,82f47319636cdabaf5a56f172f68023db0c21b5f83e97554f59db62e8bdb1c96,c27fc568075a203a6a1a25386e3f219f1bb93da234e54787f99a1b7f5c46dde9,0.7766147522519047,6,6,2994,0,2994,299,0.7570175438596491,0.7264296754250387,0.8245614035087719,0.772391125718981,0.7971602434077079,0.6894736842105263,0.7394167450611477,0.7617949594163733,0.7570175438596491,0.7559039353900644,0.7617949594163733,0.7570175438596491,0.7559039353900644,393,470,100,177,570,0.8368421052631579,0.5491228070175439,5,7.397053608141447,8.9765625,7.101716311781874,-15.125,16.65625,180.65248955599964,6.4362568855285645,6.74609375
instance_level,42,73,b8e0232ba74fd53820220273e6515afe72d7e6944186bcbf4f97a3065f4bf375,1,305e3495b43a886d059a1fce4de68e207b348d3387f75743b03acdc165a26e03,82f47319636cdabaf5a56f172f68023db0c21b5f83e97554f59db62e8bdb1c96,c27fc568075a203a6a1a25386e3f219f1bb93da234e54787f99a1b7f5c46dde9,0.7732480148022511,6,6,2994,0,2994,299,0.7464912280701754,0.7205651491365777,0.8052631578947368,0.7605633802816901,0.7793240556660039,0.6877192982456141,0.7306616961789375,0.7499446024012908,0.7464912280701754,0.7456125382303138,0.7499446024012909,0.7464912280701754,0.7456125382303139,392,459,111,178,570,0.8526315789473684,0.5228070175438596,2,6.296301483689693,7.16357421875,6.3265219339768315,-12.9375,13.78125,178.32840947795194,6.4362568855285645,6.74609375
instance_level,42,101,e438303705d2307435464b12595288ef696f0da33b13a23be5f71898bec5d39d,1,305e3495b43a886d059a1fce4de68e207b348d3387f75743b03acdc165a26e03,82f47319636cdabaf5a56f172f68023db0c21b5f83e97554f59db62e8bdb1c96,c27fc568075a203a6a1a25386e3f219f1bb93da234e54787f99a1b7f5c46dde9,0.7662169454937939,6,6,2994,0,2994,299,0.7491228070175439,0.7225705329153606,0.8087719298245614,0.7632450331125827,0.7828685258964143,0.6894736842105263,0.7332089552238806,0.7527195294058875,0.7491228070175439,0.7482269941682317,0.7527195294058874,0.7491228070175439,0.7482269941682318,393,461,109,177,570,0.8526315789473684,0.531578947368421,2,6.509255526358621,7.234046936035156,6.5100221068362885,-12.84375,14.65625,181.46519717702176,6.4362568855285645,6.74609375
instance_level,73,13,a459de3d05a7843143489a77b4702d8d6498075fab7a0c1e71e062a37ed7d19d,1,305e3495b43a886d059a1fce4de68e207b348d3387f75743b03acdc165a26e03,02b3b3662d75591a1230da3154149693de487b7678fe08b814a8a10fb13ba588,c27fc568075a203a6a1a25386e3f219f1bb93da234e54787f99a1b7f5c46dde9,0.7823891625615764,5,6,2994,0,2994,299,0.7710526315789473,0.748792270531401,0.8157894736842105,0.7808564231738035,0.7976878612716763,0.7263157894736842,0.7603305785123967,0.7732400659015386,0.7710526315789474,0.7705935008431002,0.7732400659015387,0.7710526315789473,0.7705935008431002,414,465,105,156,570,0.8280701754385965,0.5771929824561404,2,6.32520254034745,7.6953125,5.871420991199345,-11.515625,14.796875,179.49286424496677,6.4362568855285645,6.74609375
instance_level,73,21,2bb1b794c6450cc092d94b46f0107fcb02adeea6cad59d48e4bb9de1d2e8282a,1,305e3495b43a886d059a1fce4de68e207b348d3387f75743b03acdc165a26e03,02b3b3662d75591a1230da3154149693de487b7678fe08b814a8a10fb13ba588,c27fc568075a203a6a1a25386e3f219f1bb93da234e54787f99a1b7f5c46dde9,0.7684210526315789,3,5,2495,0,2994,299,0.7736842105263158,0.7582781456953642,0.8035087719298246,0.7802385008517888,0.7910447761194029,0.743859649122807,0.7667269439421338,0.7746614609073836,0.7736842105263158,0.7734827223969614,0.7746614609073835,0.7736842105263158,0.7734827223969613,424,458,112,146,570,0.8421052631578947,0.5719298245614035,1,3.2819823549504865,3.3262939453125,3.053396832269414,-6.625,8.5546875,148.92888570402283,6.4362568855285645,6.74609375
instance_level,73,40,b99ad749d6891f8a3869df03faa667e088b0776469876d2145d5f5206ac251b0,1,305e3495b43a886d059a1fce4de68e207b348d3387f75743b03acdc165a26e03,02b3b3662d75591a1230da3154149693de487b7678fe08b814a8a10fb13ba588,c27fc568075a203a6a1a25386e3f219f1bb93da234e54787f99a1b7f5c46dde9,0.7666487110427087,3,5,2495,0,2994,299,0.7657894736842106,0.7546218487394958,0.787719298245614,0.7708154506437769,0.7779816513761468,0.743859649122807,0.7605381165919283,0.7663017500578213,0.7657894736842106,0.7656767836178526,0.7663017500578213,0.7657894736842106,0.7656767836178526,424,449,121,146,570,0.8175438596491228,0.5701754385964912,0,3.5027902168140077,3.7037353515625,3.409259273849109,-7.0,9.671875,148.85002554499079,6.4362568855285645,6.74609375
instance_level,73,42,f8a4c45bef8131e6aa6ad2c9869c3c4043dce2c01ab8f7112fca04e903664ea6,1,305e3495b43a886d059a1fce4de68e207b348d3387f75743b03acdc165a26e03,02b3b3662d75591a1230da3154149693de487b7678fe08b814a8a10fb13ba588,c27fc568075a203a6a1a25386e3f219f1bb93da234e54787f99a1b7f5c46dde9,0.7786748844375964,3,5,2495,0,2994,299,0.7605263157894737,0.7233082706766917,0.843859649122807,0.7789473684210526,0.8126315789473684,0.6771929824561403,0.738755980861244,0.76796992481203,0.7605263157894737,0.7588516746411483,0.7679699248120301,0.7605263157894737,0.7588516746411483,386,481,89,184,570,0.8596491228070176,0.5561403508771929,1,3.554415702819824,3.54443359375,3.388641274487137,-7.6015625,9.65625,148.9804124890361,6.4362568855285645,6.74609375
instance_level,73,73,a5a20db2eae9236ee9c5f2a03fd8d225cd32c92542361edf68bbaaedba8bd118,1,305e3495b43a886d059a1fce4de68e207b348d3387f75743b03acdc165a26e03,02b3b3662d75591a1230da3154149693de487b7678fe08b814a8a10fb13ba588,c27fc568075a203a6a1a25386e3f219f1bb93da234e54787f99a1b7f5c46dde9,0.7680755573091339,6,6,2994,0,2994,299,0.7657894736842106,0.730593607305936,0.8421052631578947,0.78239608801956,0.8136645962732919,0.6894736842105263,0.7464387464387464,0.7721291017896139,0.7657894736842106,0.7644174172291531,0.772129101789614,0.7657894736842106,0.7644174172291532,393,480,90,177,570,0.8473684210526315,0.5684210526315789,1,6.927722034119723,8.7109375,6.62745124333911,-14.109375,15.1875,180.96668642794248,6.4362568855285645,6.74609375
instance_level,73,101,c4fd93e6aa004f055267aa4c4b606cee7f51168a48403217a7d256491917a046,1,305e3495b43a886d059a1fce4de68e207b348d3387f75743b03acdc165a26e03,02b3b3662d75591a1230da3154149693de487b7678fe08b814a8a10fb13ba588,c27fc568075a203a6a1a25386e3f219f1bb93da234e54787f99a1b7f5c46dde9,0.7288676236044657,1,3,1497,0,2994,299,0.737719298245614,0.6900420757363254,0.8631578947368421,0.7669524551831645,0.8173302107728337,0.612280701754386,0.7001003009027081,0.7536861432545796,0.737719298245614,0.7335263780429363,0.7536861432545796,0.737719298245614,0.7335263780429363,349,492,78,221,570,0.8157894736842105,0.49473684210526314,2,1.854066949141653,1.662109375,1.9326331024558911,-4.396484375,6.1015625,89.7595344641013,6.4362568855285645,6.74609375
instance_level,101,13,94b47435df923d7bb00006f6aa9f16502a4eeb247e550884d297d0d9ac406380,1,305e3495b43a886d059a1fce4de68e207b348d3387f75743b03acdc165a26e03,19cfd33b81c6deff489e458f0eee040d005eaea9718d148a3418985c56da9eda,c27fc568075a203a6a1a25386e3f219f1bb93da234e54787f99a1b7f5c46dde9,0.7566965666563563,4,6,2994,0,2994,299,0.7333333333333333,0.7046153846153846,0.8035087719298246,0.7508196721311475,0.7714285714285715,0.6631578947368421,0.7132075471698113,0.7380219780219781,0.7333333333333334,0.7320136096504795,0.738021978021978,0.7333333333333333,0.7320136096504793,378,458,112,192,570,0.8368421052631579,0.49298245614035086,3,4.57005615234375,4.507080078125,4.70634042823092,-10.703125,12.328125,177.7252679669764,6.4362568855285645,6.74609375
instance_level,101,21,d2db85a93b7b05386ad7b9b0339c6ad8db8fd5745e6b72e53a51f8001cc6303a,1,305e3495b43a886d059a1fce4de68e207b348d3387f75743b03acdc165a26e03,19cfd33b81c6deff489e458f0eee040d005eaea9718d148a3418985c56da9eda,c27fc568075a203a6a1a25386e3f219f1bb93da234e54787f99a1b7f5c46dde9,0.7657835792075385,4,6,2994,0,2994,299,0.7350877192982456,0.7133757961783439,0.7859649122807018,0.7479131886477463,0.76171875,0.6842105263157895,0.7208872458410351,0.7375472730891719,0.7350877192982457,0.7344002172443906,0.7375472730891719,0.7350877192982456,0.7344002172443908,390,448,122,180,570,0.8052631578947368,0.5070175438596491,0,3.6344594051963406,3.197998046875,3.821317798251039,-8.96875,10.421875,179.4490701709874,6.4362568855285645,6.74609375
instance_level,101,40,353bf6560af8b0715d338df2dac2a29e7cb77df4e900c19ee78939bdf04af112,1,305e3495b43a886d059a1fce4de68e207b348d3387f75743b03acdc165a26e03,19cfd33b81c6deff489e458f0eee040d005eaea9718d148a3418985c56da9eda,c27fc568075a203a6a1a25386e3f219f1bb93da234e54787f99a1b7f5c46dde9,0.7757955865272939,3,5,2495,0,2994,299,0.7254385964912281,0.6967840735068913,0.7982456140350878,0.7440719542109566,0.7638603696098563,0.6526315789473685,0.7038789025543992,0.7303222215583738,0.7254385964912281,0.7239754283826779,0.7303222215583737,0.7254385964912281,0.7239754283826779,372,455,115,198,570,0.8263157894736842,0.4842105263157895,3,3.296483598675644,2.809326171875,3.5425822682047325,-7.296875,9.5234375,148.9201039209729,6.4362568855285645,6.74609375
instance_level,101,42,260836a58e24282d3b83b5b7f07e1f05ae17b5658fdad70925d1e9e58e3f19d0,1,305e3495b43a886d059a1fce4de68e207b348d3387f75743b03acdc165a26e03,19cfd33b81c6deff489e458f0eee040d005eaea9718d148a3418985c56da9eda,c27fc568075a203a6a1a25386e3f219f1bb93da234e54787f99a1b7f5c46dde9,0.7751035707240086,3,5,2495,0,2994,299,0.7324561403508771,0.7080062794348508,0.7912280701754386,0.7473073736536868,0.7634194831013916,0.6736842105263158,0.7157502329916123,0.7357128812681213,0.7324561403508771,0.7315288033226496,0.7357128812681213,0.7324561403508771,0.7315288033226496,384,451,119,186,570,0.8105263157894737,0.4964912280701754,0,2.9803405494020696,2.58258056640625,3.2546696307668865,-6.5234375,9.109375,148.92907387495507,6.4362568855285645,6.74609375
instance_level,101,73,feac734f5fea8fa53ed6fcdd7e176700ae1a2db3adcb4c6963067f3f6d396f16,1,305e3495b43a886d059a1fce4de68e207b348d3387f75743b03acdc165a26e03,19cfd33b81c6deff489e458f0eee040d005eaea9718d148a3418985c56da9eda,c27fc568075a203a6a1a25386e3f219f1bb93da234e54787f99a1b7f5c46dde9,0.7699197939230724,3,5,2495,0,2994,299,0.7429824561403509,0.7304492512479202,0.7701754385964912,0.7497865072587532,0.7569573283858998,0.7157894736842105,0.7357980162308386,0.74370328981691,0.7429824561403509,0.742792261744796,0.74370328981691,0.7429824561403509,0.742792261744796,408,439,131,162,570,0.8122807017543859,0.5105263157894737,3,2.755536102830318,2.65179443359375,2.845201947373988,-5.8359375,6.96875,148.92796084401198,6.4362568855285645,6.74609375
instance_level,101,101,4c3531e4156e61f3726a705750fc8a0f6fc7ed0714c8450ebf9e0612dd227acc,1,305e3495b43a886d059a1fce4de68e207b348d3387f75743b03acdc165a26e03,19cfd33b81c6deff489e458f0eee040d005eaea9718d148a3418985c56da9eda,c27fc568075a203a6a1a25386e3f219f1bb93da234e54787f99a1b7f5c46dde9,0.7684182015167931,3,5,2495,0,2994,299,0.7421052631578947,0.735494880546075,0.756140350877193,0.745674740484429,0.7490974729241877,0.7280701754385965,0.7384341637010676,0.7422961767351314,0.7421052631578948,0.7420544520927483,0.7422961767351313,0.7421052631578947,0.7420544520927482,415,431,139,155,570,0.8210526315789474,0.5052631578947369,0,2.823764988414028,2.45751953125,2.929372157896227,-5.1484375,8.921875,148.9709023089381,6.4362568855285645,6.74609375
true_pair,13,13,6120a496e6c8eb04708e3e27d5acc41af897952d1a6ef9dfdc5c708be745f60d,1,74505c00a78be1a1950a4e4f23845421a496eabc238b47f0cf4da5ee28abf1a7,9ce99da3bd3c0afda70f6d676fc22c54e49d0829cdc88be60b0a15fded3d53d6,c296300452d2090938afde2c76d45da46d1169588a412a866ddd84f3caed7e87,0.8051282051282052,4,6,2994,0,2994,299,0.769298245614035,0.7597292724196277,0.787719298245614,0.7734711455641688,0.7795992714025501,0.7508771929824561,0.7649687220732797,0.7696642719110889,0.7692982456140351,0.7692199338187242,0.7696642719110889,0.769298245614035,0.7692199338187243,428,449,121,142,570,0.8631578947368421,0.5649122807017544,1,6.74792266310307,7.740234375,6.002589033847787,-11.9609375,16.046875,178.5275690240087,6.43624210357666,6.74609375
true_pair,13,21,04fdc0a36b5b2dee2d3410e11fee618e99b32f7eda8a7e1f3c925f1b070f010f,1,74505c00a78be1a1950a4e4f23845421a496eabc238b47f0cf4da5ee28abf1a7,9ce99da3bd3c0afda70f6d676fc22c54e49d0829cdc88be60b0a15fded3d53d6,c296300452d2090938afde2c76d45da46d1169588a412a866ddd84f3caed7e87,0.7835703635561015,6,6,2994,0,2994,299,0.7552631578947369,0.7313195548489666,0.8070175438596491,0.7673060884070059,0.7847358121330724,0.7035087719298245,0.7419056429232193,0.7580276834910196,0.7552631578947369,0.7546058656651126,0.7580276834910195,0.7552631578947369,0.7546058656651127,401,460,110,169,570,0.8192982456140351,0.5456140350877193,3,7.972316862407483,10.033203125,7.719794675808217,-15.625,17.421875,180.91839195007924,6.43624210357666,6.74609375
true_pair,13,40,02dea11252e604d7782841f85c754b407108592bb4fbd55a419e4b50a4b37a9a,1,74505c00a78be1a1950a4e4f23845421a496eabc238b47f0cf4da5ee28abf1a7,9ce99da3bd3c0afda70f6d676fc22c54e49d0829cdc88be60b0a15fded3d53d6,c296300452d2090938afde2c76d45da46d1169588a412a866ddd84f3caed7e87,0.8122662562524048,5,6,2994,0,2994,299,0.756140350877193,0.7457912457912458,0.7771929824561403,0.761168384879725,0.7673992673992674,0.7350877192982456,0.7508960573476703,0.7565952565952566,0.7561403508771929,0.7560322211136976,0.7565952565952566,0.756140350877193,0.7560322211136977,419,443,127,151,570,0.843859649122807,0.543859649122807,5,7.8594096936677635,10.16796875,7.53748206692603,-15.0625,16.546875,179.29757102997974,6.43624210357666,6.74609375
true_pair,13,42,be300d3a4890d1190e14b190318a95feb87b48f065639069f3520242f0a5a593,1,74505c00a78be1a1950a4e4f23845421a496eabc238b47f0cf4da5ee28abf1a7,9ce99da3bd3c0afda70f6d676fc22c54e49d0829cdc88be60b0a15fded3d53d6,c296300452d2090938afde2c76d45da46d1169588a412a866ddd84f3caed7e87,0.8069795219741653,3,5,2495,0,2994,299,0.7736842105263158,0.7635135135135135,0.7929824561403509,0.7779690189328744,0.7846715328467153,0.7543859649122807,0.7692307692307693,0.7740925231801143,0.7736842105263158,0.7735998940818218,0.7740925231801145,0.7736842105263158,0.7735998940818218,430,452,118,140,570,0.8385964912280702,0.5701754385964912,3,5.2752629062585665,5.71923828125,4.830224987409463,-10.140625,13.390625,149.6161494300468,6.43624210357666,6.74609375
true_pair,13,73,ee108c98a8f80fe075b7d21dcb956867b9da095c98aad95d917685f8a71b151a,1,74505c00a78be1a1950a4e4f23845421a496eabc238b47f0cf4da5ee28abf1a7,9ce99da3bd3c0afda70f6d676fc22c54e49d0829cdc88be60b0a15fded3d53d6,c296300452d2090938afde2c76d45da46d1169588a412a866ddd84f3caed7e87,0.7660611185000262,2,4,1996,0,2994,299,0.7605263157894737,0.7368421052631579,0.8105263157894737,0.7719298245614035,0.7894736842105263,0.7105263157894737,0.7479224376731302,0.763157894736842,0.7605263157894737,0.7599261311172668,0.7631578947368421,0.7605263157894737,0.7599261311172668,405,462,108,165,570,0.8596491228070176,0.5491228070175439,0,3.2327991268091036,3.294921875,2.986830997220061,-6.1875,8.6875,119.84966069308575,6.43624210357666,6.74609375
true_pair,13,101,cdffe7c7ef7e0cab8347b731d2f446d85405adedee54d5f6f9e15e01f401feba,1,74505c00a78be1a1950a4e4f23845421a496eabc238b47f0cf4da5ee28abf1a7,9ce99da3bd3c0afda70f6d676fc22c54e49d0829cdc88be60b0a15fded3d53d6,c296300452d2090938afde2c76d45da46d1169588a412a866ddd84f3caed7e87,0.7947058805421563,2,4,1996,0,2994,299,0.7666666666666667,0.7620689655172413,0.775438596491228,0.768695652173913,0.7714285714285715,0.7578947368421053,0.7646017699115044,0.7667487684729064,0.7666666666666666,0.7666487110427087,0.7667487684729063,0.7666666666666667,0.7666487110427088,432,442,128,138,570,0.8631578947368421,0.5526315789473685,0,3.992590412340666,4.0625,3.5858288105399585,-6.1640625,10.390625,119.93458967492916,6.43624210357666,6.74609375
true_pair,21,13,9e41692e23d4261dfc0df454271b5949ba46b3637daee25078b02fc6128ea780,1,74505c00a78be1a1950a4e4f23845421a496eabc238b47f0cf4da5ee28abf1a7,777957b527fbf66016b0c688daf6670149d9247f4acbb5d1d1a9c08a11b46d65,c296300452d2090938afde2c76d45da46d1169588a412a866ddd84f3caed7e87,0.7751617873651772,2,4,1996,0,2994,299,0.7666666666666667,0.7638888888888888,0.7719298245614035,0.7678883071553229,0.7695035460992907,0.7614035087719299,0.7654320987654321,0.7666962174940898,0.7666666666666666,0.7666602029603775,0.7666962174940898,0.7666666666666667,0.7666602029603775,434,440,130,136,570,0.8491228070175438,0.5631578947368421,2,3.1017779032389323,3.34521484375,2.826317300458847,-7.0390625,8.2421875,119.90381666994654,6.43624210357666,6.74609375
true_pair,21,21,5270f3a71b736026a6e1be2f3759669cae934accc1f11edc7085aadae262e633,1,74505c00a78be1a1950a4e4f23845421a496eabc238b47f0cf4da5ee28abf1a7,777957b527fbf66016b0c688daf6670149d9247f4acbb5d1d1a9c08a11b46d65,c296300452d2090938afde2c76d45da46d1169588a412a866ddd84f3caed7e87,0.7568139097744361,1,3,1497,0,2994,299,0.756140350877193,0.740924092409241,0.787719298245614,0.7636054421768708,0.7734082397003745,0.724561403508772,0.7481884057971014,0.7571661660548077,0.756140350877193,0.7558969239869862,0.7571661660548077,0.756140350877193,0.755896923986986,413,449,121,157,570,0.8578947368421053,0.5403508771929825,1,2.824590729830558,2.96923828125,2.6101800831929083,-5.6953125,7.75,90.24358291400131,6.43624210357666,6.74609375
true_pair,21,40,c3af1b4916707e5a6c469ad920b2beccb68a0c5718700858625a88e642be1614,1,74505c00a78be1a1950a4e4f23845421a496eabc238b47f0cf4da5ee28abf1a7,777957b527fbf66016b0c688daf6670149d9247f4acbb5d1d1a9c08a11b46d65,c296300452d2090938afde2c76d45da46d1169588a412a866ddd84f3caed7e87,0.7730128203149358,4,6,2994,0,2994,299,0.7614035087719299,0.7491638795986622,0.7859649122807018,0.7671232876712328,0.7749077490774908,0.7368421052631579,0.7553956834532374,0.7620358143380765,0.7614035087719297,0.7612594855622351,0.7620358143380765,0.7614035087719299,0.7612594855622351,420,448,122,150,570,0.8368421052631579,0.5561403508771929,5,6.782416628118147,8.3798828125,6.355352099651945,-13.765625,14.796875,179.3464032600168,6.43624210357666,6.74609375
true_pair,21,42,cd80ee0ac7458c89f837eb46a8cdb902743c700e59783b5e3640c6a91ec6e602,1,74505c00a78be1a1950a4e4f23845421a496eabc238b47f0cf4da5ee28abf1a7,777957b527fbf66016b0c688daf6670149d9247f4acbb5d1d1a9c08a11b46d65,c296300452d2090938afde2c76d45da46d1169588a412a866ddd84f3caed7e87,0.7664775478280301,3,5,2495,0,2994,299,0.7578947368421053,0.7304075235109718,0.8175438596491228,0.7715231788079471,0.7928286852589641,0.6982456140350877,0.7425373134328358,0.7616181043849679,0.7578947368421052,0.7570302461203915,0.7616181043849679,0.7578947368421053,0.7570302461203914,398,466,104,172,570,0.8526315789473684,0.543859649122807,0,5.617997072454084,6.240234375,5.107634296279798,-11.375,13.90625,149.42920542904176,6.43624210357666,6.74609375
true_pair,21,73,19e7daf1dfe21bc5c3b5754993ada050ad469eb169b2be26a96a5687629e04f9,1,74505c00a78be1a1950a4e4f23845421a496eabc238b47f0cf4da5ee28abf1a7,777957b527fbf66016b0c688daf6670149d9247f4acbb5d1d1a9c08a11b46d65,c296300452d2090938afde2c76d45da46d1169588a412a866ddd84f3caed7e87,0.7788139351532473,4,6,2994,0,2994,299,0.775438596491228,0.7793594306049823,0.7684210526315789,0.773851590106007,0.7716262975778547,0.7824561403508772,0.7770034843205574,0.7754928640914185,0.775438596491228,0.7754275372132822,0.7754928640914185,0.775438596491228,0.7754275372132822,446,438,132,124,570,0.8649122807017544,0.5877192982456141,2,7.426360093501576,9.6953125,6.554871513525298,-13.78125,15.703125,178.54825615591835,6.43624210357666,6.74609375
true_pair,21,101,dcf19cbd9fbf175e408cdb1db2c3044df658d4247ab1b6687fb54b6cfabc9600,1,74505c00a78be1a1950a4e4f23845421a496eabc238b47f0cf4da5ee28abf1a7,777957b527fbf66016b0c688daf6670149d9247f4acbb5d1d1a9c08a11b46d65,c296300452d2090938afde2c76d45da46d1169588a412a866ddd84f3caed7e87,0.7762501893172524,3,5,2495,0,2994,299,0.7684210526315789,0.7483766233766234,0.8087719298245614,0.7774030354131535,0.7919847328244275,0.7280701754385965,0.7586837294332724,0.7701806781005254,0.7684210526315789,0.7680433824232129,0.7701806781005255,0.7684210526315789,0.768043382423213,415,461,109,155,570,0.8473684210526315,0.5666666666666667,1,6.155179769951,6.980712890625,5.515281460266396,-12.546875,14.265625,152.87841770600062,6.43624210357666,6.74609375
true_pair,40,13,f4e1dc264bde81a6b36d04f08c9c2f846f1911eb7ad589ef835e8d401fd01ab9,1,74505c00a78be1a1950a4e4f23845421a496eabc238b47f0cf4da5ee28abf1a7,b2e2614b0656a7a0d7d5d9032d1d7dee6b4f06a99bd8a2de8f0649da271d2bdd,c296300452d2090938afde2c76d45da46d1169588a412a866ddd84f3caed7e87,0.753791852299794,5,6,2994,0,2994,299,0.7631578947368421,0.7351097178683386,0.8228070175438597,0.7764900662251656,0.798804780876494,0.7035087719298245,0.7481343283582089,0.7669572493724163,0.763157894736842,0.7623121972916873,0.7669572493724163,0.7631578947368421,0.7623121972916873,401,469,101,169,570,0.8491228070175438,0.5561403508771929,1,7.925299125805235,9.328125,7.4572860450996945,-15.3125,18.3125,179.831448093988,6.43624210357666,6.74609375
true_pair,40,21,fd246d2f6154d0ed9ef5ef5b9f06e75f4fcafc84d5343dee7d560519408fb65b,1,74505c00a78be1a1950a4e4f23845421a496eabc238b47f0cf4da5ee28abf1a7,b2e2614b0656a7a0d7d5d9032d1d7dee6b4f06a99bd8a2de8f0649da271d2bdd,c296300452d2090938afde2c76d45da46d1169588a412a866ddd84f3caed7e87,0.7372369817368409,6,6,2994,0,2994,299,0.756140350877193,0.7260061919504643,0.8228070175438597,0.7713815789473685,0.7955465587044535,0.6894736842105263,0.7387218045112782,0.7607763753274589,0.756140350877193,0.7550516917293233,0.7607763753274589,0.756140350877193,0.7550516917293234,393,469,101,177,570,0.8210526315789474,0.5421052631578948,4,8.26921172560307,10.291015625,8.006849168190495,-17.75,18.46875,179.15165262494702,6.43624210357666,6.74609375
true_pair,40,40,413efda64556d342fb6f4f1443124c1890dd10663834e9714bfd8b14c20ba242,1,74505c00a78be1a1950a4e4f23845421a496eabc238b47f0cf4da5ee28abf1a7,b2e2614b0656a7a0d7d5d9032d1d7dee6b4f06a99bd8a2de8f0649da271d2bdd,c296300452d2090938afde2c76d45da46d1169588a412a866ddd84f3caed7e87,0.7288598398734802,5,6,2994,0,2994,299,0.756140350877193,0.7332268370607029,0.8052631578947368,0.7675585284280937,0.7840466926070039,0.7070175438596491,0.7435424354243543,0.7586367648338534,0.7561403508771929,0.755550481926224,0.7586367648338533,0.756140350877193,0.755550481926224,403,459,111,167,570,0.8666666666666667,0.5456140350877193,2,8.348765537195039,9.92578125,7.894351058335185,-17.4375,18.9375,179.221840437036,6.43624210357666,6.74609375
true_pair,40,42,bfc7369bcabc248da5c1f6d8b65cb5f2420ff182617c95978f537cec2cf5b1c8,1,74505c00a78be1a1950a4e4f23845421a496eabc238b47f0cf4da5ee28abf1a7,b2e2614b0656a7a0d7d5d9032d1d7dee6b4f06a99bd8a2de8f0649da271d2bdd,c296300452d2090938afde2c76d45da46d1169588a412a866ddd84f3caed7e87,0.7488994519594222,3,5,2495,0,2994,299,0.7543859649122807,0.7725563909774437,0.7210526315789474,0.7459165154264973,0.7384868421052632,0.787719298245614,0.7623089983022071,0.7555216165413534,0.7543859649122807,0.7541127568643522,0.7555216165413534,0.7543859649122807,0.7541127568643522,449,411,159,121,570,0.8543859649122807,0.5403508771929825,2,5.326446372584293,6.189453125,4.923068556911758,-10.125,13.375,149.56625578098465,6.43624210357666,6.74609375
true_pair,40,73,3324b3bce65cd179d17be305b4c8335e752ad5d5c62a2e73cad3ee9db0442264,1,74505c00a78be1a1950a4e4f23845421a496eabc238b47f0cf4da5ee28abf1a7,b2e2614b0656a7a0d7d5d9032d1d7dee6b4f06a99bd8a2de8f0649da271d2bdd,c296300452d2090938afde2c76d45da46d1169588a412a866ddd84f3caed7e87,0.7413401905914385,2,4,1996,0,2994,299,0.7543859649122807,0.7810077519379846,0.7070175438596491,0.7421731123388582,0.7323717948717948,0.8017543859649123,0.7654941373534339,0.7566897734048896,0.7543859649122807,0.753833624846146,0.7566897734048896,0.7543859649122807,0.753833624846146,457,403,167,113,570,0.8473684210526315,0.531578947368421,0,3.2973995811060854,3.431640625,3.044235672719497,-5.9296875,8.5,119.80571213597432,6.43624210357666,6.74609375
true_pair,40,101,f566f5cc0bbfa92edc77a33f2b21b4080f1d152467f6bc79fd1120a0269f2ea1,1,74505c00a78be1a1950a4e4f23845421a496eabc238b47f0cf4da5ee28abf1a7,b2e2614b0656a7a0d7d5d9032d1d7dee6b4f06a99bd8a2de8f0649da271d2bdd,c296300452d2090938afde2c76d45da46d1169588a412a866ddd84f3caed7e87,0.7344919810840576,4,6,2994,0,2994,299,0.7675438596491229,0.7479674796747967,0.8070175438596491,0.7763713080168776,0.7904761904761904,0.7280701754385965,0.7579908675799086,0.7692218350754936,0.7675438596491229,0.7671810877983931,0.7692218350754936,0.7675438596491229,0.7671810877983932,415,460,110,155,570,0.8491228070175438,0.5649122807017544,2,6.662153049937466,7.89306640625,6.193019957938585,-14.234375,15.609375,179.84117610694375,6.43624210357666,6.74609375
true_pair,42,13,8a26e8fd351a32bf60220aea0cbf08592153867fe7f593e8cbb26997f43d4184,1,74505c00a78be1a1950a4e4f23845421a496eabc238b47f0cf4da5ee28abf1a7,82f47319636cdabaf5a56f172f68023db0c21b5f83e97554f59db62e8bdb1c96,c296300452d2090938afde2c76d45da46d1169588a412a866ddd84f3caed7e87,0.7745392516779768,4,6,2994,0,2994,299,0.737719298245614,0.710077519379845,0.8035087719298246,0.7539094650205761,0.7737373737373737,0.6719298245614035,0.7192488262910798,0.7419074465586093,0.737719298245614,0.7365791456558279,0.7419074465586094,0.737719298245614,0.7365791456558279,383,458,112,187,570,0.8298245614035088,0.5087719298245614,2,6.294087781404194,5.90771484375,6.3533791243626965,-14.015625,15.390625,179.1810290850699,6.43624210357666,6.74609375
true_pair,42,21,147c2837c65ce78c3faedf4f32019c4086997434945e3180496c3ddc954278c5,1,74505c00a78be1a1950a4e4f23845421a496eabc238b47f0cf4da5ee28abf1a7,82f47319636cdabaf5a56f172f68023db0c21b5f83e97554f59db62e8bdb1c96,c296300452d2090938afde2c76d45da46d1169588a412a866ddd84f3caed7e87,0.7796702939894056,6,6,2994,0,2994,299,0.7535087719298246,0.7199391171993912,0.8298245614035088,0.7709861450692747,0.7991718426501035,0.6771929824561403,0.7331433998100665,0.7595554799247474,0.7535087719298246,0.7520647724396705,0.7595554799247474,0.7535087719298246,0.7520647724396705,386,473,97,184,570,0.8456140350877193,0.531578947368421,4,8.027555124383223,9.0556640625,7.686924873077485,-16.34375,17.96875,180.73444725107402,6.43624210357666,6.74609375
true_pair,42,40,1a382719d94ad3a57180757ca11bcbb8e1795a25a3018feca6af09768c519aa6,1,74505c00a78be1a1950a4e4f23845421a496eabc238b47f0cf4da5ee28abf1a7,82f47319636cdabaf5a56f172f68023db0c21b5f83e97554f59db62e8bdb1c96,c296300452d2090938afde2c76d45da46d1169588a412a866ddd84f3caed7e87,0.7751617873651772,5,6,2994,0,2994,299,0.7482456140350877,0.7300813008130081,0.787719298245614,0.7578059071729958,0.7695238095238095,0.7087719298245614,0.7378995433789954,0.7498025551684089,0.7482456140350877,0.7478527252759957,0.7498025551684089,0.7482456140350877,0.7478527252759956,404,449,121,166,570,0.8403508771929824,0.531578947368421,3,8.323621247944079,9.210205078125,8.256798832268673,-16.953125,18.46875,179.52028748206794,6.43624210357666,6.74609375
true_pair,42,42,dde91861063d5f8ddde9ff05f7ef3bd1497ab2afbc24ad787da5053a6ba180c7,1,74505c00a78be1a1950a4e4f23845421a496eabc238b47f0cf4da5ee28abf1a7,82f47319636cdabaf5a56f172f68023db0c21b5f83e97554f59db62e8bdb1c96,c296300452d2090938afde2c76d45da46d1169588a412a866ddd84f3caed7e87,0.7789446469023933,4,6,2994,0,2994,299,0.7508771929824561,0.7535460992907801,0.7456140350877193,0.7495590828924162,0.7482638888888888,0.756140350877193,0.7521815008726004,0.7509049940898345,0.7508771929824561,0.7508702918825083,0.7509049940898345,0.7508771929824561,0.7508702918825083,431,425,145,139,570,0.8368421052631579,0.5350877192982456,0,6.627754987750137,7.49755859375,6.5013405360274605,-13.640625,15.4375,179.13952625507955,6.43624210357666,6.74609375
true_pair,42,73,bc909f78bf84724dadeabc66443bbd2d9bfb65da70df2599873db8eb4e9013a3,1,74505c00a78be1a1950a4e4f23845421a496eabc238b47f0cf4da5ee28abf1a7,82f47319636cdabaf5a56f172f68023db0c21b5f83e97554f59db62e8bdb1c96,c296300452d2090938afde2c76d45da46d1169588a412a866ddd84f3caed7e87,0.7643097643097643,4,6,2994,0,2994,299,0.7429824561403509,0.6970128022759602,0.8596491228070176,0.769835035349568,0.816933638443936,0.6263157894736842,0.7090367428003972,0.7569732203599481,0.7429824561403509,0.7394358890749826,0.7569732203599481,0.7429824561403509,0.7394358890749826,357,490,80,213,570,0.8473684210526315,0.5017543859649123,1,5.5358831840648985,5.498046875,5.278704531927827,-11.109375,13.90625,179.18529393605422,6.43624210357666,6.74609375
true_pair,42,101,c64aa60ea1e5bd70b76f9b11a4a08f7909ebc785e92dae1eb31d1d82a80f40cb,1,74505c00a78be1a1950a4e4f23845421a496eabc238b47f0cf4da5ee28abf1a7,82f47319636cdabaf5a56f172f68023db0c21b5f83e97554f59db62e8bdb1c96,c296300452d2090938afde2c76d45da46d1169588a412a866ddd84f3caed7e87,0.7701690720887928,3,5,2495,0,2994,299,0.737719298245614,0.7284991568296796,0.7578947368421053,0.7429062768701634,0.7477148080438757,0.7175438596491228,0.7323187108325873,0.7381069824367776,0.737719298245614,0.7376124938513753,0.7381069824367776,0.737719298245614,0.7376124938513754,409,432,138,161,570,0.8245614035087719,0.512280701754386,1,5.367712616502193,5.418212890625,5.617437748766409,-11.828125,13.703125,149.78758394299075,6.43624210357666,6.74609375
true_pair,73,13,da153fa3712d75f1c8f1d043090c9c0186b860e7f538eaa5456a7059bdd00981,1,74505c00a78be1a1950a4e4f23845421a496eabc238b47f0cf4da5ee28abf1a7,02b3b3662d75591a1230da3154149693de487b7678fe08b814a8a10fb13ba588,c296300452d2090938afde2c76d45da46d1169588a412a866ddd84f3caed7e87,0.7821879815100155,3,5,2495,0,2994,299,0.756140350877193,0.7253086419753086,0.8245614035087719,0.7717569786535303,0.7967479674796748,0.6877192982456141,0.7382297551789078,0.7610283047274917,0.756140350877193,0.754993366916219,0.7610283047274917,0.756140350877193,0.7549933669162191,392,470,100,178,570,0.8596491228070176,0.5508771929824562,0,6.379260146827028,8.10784912109375,5.9466304964493935,-13.84375,14.390625,149.65164386900142,6.43624210357666,6.74609375
true_pair,73,21,c5c1eb1309c72b41da58c7734ccd04516d1d425d2a8c70bb6df88bea9c0b211d,1,74505c00a78be1a1950a4e4f23845421a496eabc238b47f0cf4da5ee28abf1a7,02b3b3662d75591a1230da3154149693de487b7678fe08b814a8a10fb13ba588,c296300452d2090938afde2c76d45da46d1169588a412a866ddd84f3caed7e87,0.7524113477362135,5,6,2994,0,2994,299,0.7728070175438596,0.748006379585327,0.8228070175438597,0.783625730994152,0.8031189083820662,0.7228070175438597,0.7608494921514312,0.7755626439836967,0.7728070175438597,0.7722376115727916,0.7755626439836966,0.7728070175438596,0.7722376115727916,412,469,101,158,570,0.8473684210526315,0.5754385964912281,1,7.572312900476288,9.70703125,6.831024614459675,-12.96875,16.671875,179.32020043197554,6.43624210357666,6.74609375
true_pair,73,40,f717c377c095d1764cfb3e23a0b8164cba2332797ad9bc3824c282c5a0f7a9ff,1,74505c00a78be1a1950a4e4f23845421a496eabc238b47f0cf4da5ee28abf1a7,02b3b3662d75591a1230da3154149693de487b7678fe08b814a8a10fb13ba588,c296300452d2090938afde2c76d45da46d1169588a412a866ddd84f3caed7e87,0.7820025661271219,5,6,2994,0,2994,299,0.7763157894736842,0.7434312210200927,0.843859649122807,0.790468364831553,0.8194726166328601,0.7087719298245614,0.7601128880526811,0.7814519188264764,0.7763157894736842,0.7752906264421171,0.7814519188264765,0.7763157894736842,0.7752906264421171,404,481,89,166,570,0.843859649122807,0.5771929824561404,3,8.306933165433113,11.001953125,7.443697917264664,-15.953125,17.421875,179.28339628106914,6.43624210357666,6.74609375
true_pair,73,42,5ed616f69337063228ea8bd06b8d26e88e8c317f3b55dd9e8d6515da4e8c1f4d,1,74505c00a78be1a1950a4e4f23845421a496eabc238b47f0cf4da5ee28abf1a7,02b3b3662d75591a1230da3154149693de487b7678fe08b814a8a10fb13ba588,c296300452d2090938afde2c76d45da46d1169588a412a866ddd84f3caed7e87,0.7627716411146496,3,5,2495,0,2994,299,0.7596491228070176,0.7235649546827795,0.8403508771929824,0.7775974025974026,0.8096234309623431,0.6789473684210526,0.7385496183206107,0.7665941928225612,0.7596491228070175,0.7580735104590066,0.7665941928225612,0.7596491228070176,0.7580735104590066,387,479,91,183,570,0.8473684210526315,0.5491228070175439,1,5.84284309253358,6.17236328125,5.315154739951971,-12.65625,14.21875,149.43949881801382,6.43624210357666,6.74609375
true_pair,73,73,4e1758708aae1df035930717fcb459f77d0777e5a5e05e6b87ec7bcc34aaa1cb,1,74505c00a78be1a1950a4e4f23845421a496eabc238b47f0cf4da5ee28abf1a7,02b3b3662d75591a1230da3154149693de487b7678fe08b814a8a10fb13ba588,c296300452d2090938afde2c76d45da46d1169588a412a866ddd84f3caed7e87,0.7853703703703703,4,6,2994,0,2994,299,0.7710526315789473,0.7351598173515982,0.8473684210526315,0.7872860635696821,0.8198757763975155,0.6947368421052632,0.7521367521367521,0.7775177968745568,0.7710526315789474,0.7697114078532171,0.7775177968745568,0.7710526315789473,0.7697114078532171,396,483,87,174,570,0.8596491228070176,0.5649122807017544,3,7.12713906806812,8.693359375,6.344455587267087,-14.265625,15.34375,179.1707058630418,6.43624210357666,6.74609375
true_pair,73,101,e68870c89f4c4a62b74821832ff57c748771ed6c076221a93c6ef1baf74a327b,1,74505c00a78be1a1950a4e4f23845421a496eabc238b47f0cf4da5ee28abf1a7,02b3b3662d75591a1230da3154149693de487b7678fe08b814a8a10fb13ba588,c296300452d2090938afde2c76d45da46d1169588a412a866ddd84f3caed7e87,0.7746367500247109,6,6,2994,0,2994,299,0.7631578947368421,0.7329192546583851,0.8280701754385965,0.7775947281713345,0.8024193548387096,0.6982456140350877,0.7467166979362101,0.7676693047485474,0.763157894736842,0.7621557130537723,0.7676693047485474,0.7631578947368421,0.7621557130537723,398,472,98,172,570,0.8526315789473684,0.5578947368421052,5,8.549048882200006,10.87109375,7.861186387644398,-15.53125,18.09375,179.84019793302286,6.43624210357666,6.74609375
true_pair,101,13,d9165a814622e620a51f712c9ee3533919ff26195c8690e7859a4242f841b4e8,1,74505c00a78be1a1950a4e4f23845421a496eabc238b47f0cf4da5ee28abf1a7,19cfd33b81c6deff489e458f0eee040d005eaea9718d148a3418985c56da9eda,c296300452d2090938afde2c76d45da46d1169588a412a866ddd84f3caed7e87,0.7615365783365511,4,6,2994,0,2994,299,0.7271929824561404,0.6965098634294385,0.8052631578947368,0.7469487388120423,0.7692307692307693,0.6491228070175439,0.7040913415794482,0.7328703163301039,0.7271929824561403,0.7255200401957452,0.7328703163301039,0.7271929824561404,0.7255200401957452,370,459,111,200,570,0.8298245614035088,0.4789473684210526,2,6.260537077251233,5.22021484375,6.419344759250897,-11.546875,15.78125,178.55201962101273,6.43624210357666,6.74609375
true_pair,101,21,de152e9386ff7edaa3e22039db3192ee579df5b3168b52d202d38a812c0070cb,1,74505c00a78be1a1950a4e4f23845421a496eabc238b47f0cf4da5ee28abf1a7,19cfd33b81c6deff489e458f0eee040d005eaea9718d148a3418985c56da9eda,c296300452d2090938afde2c76d45da46d1169588a412a866ddd84f3caed7e87,0.7609320388349514,2,4,1996,0,2994,299,0.7201754385964912,0.6795422031473534,0.8333333333333334,0.7486209613869188,0.7845804988662132,0.6070175438596491,0.6844708209693373,0.7320613510067833,0.7201754385964912,0.7165458911781281,0.7320613510067833,0.7201754385964912,0.7165458911781282,346,475,95,224,570,0.8473684210526315,0.4666666666666667,3,3.0294128685666806,2.6923828125,3.1143485605838133,-5.9140625,8.75,119.97461134300102,6.43624210357666,6.74609375
true_pair,101,40,d81ea0c55af07077b109c99617f4af41e9a055678f27319eb55667dc8a1863e5,1,74505c00a78be1a1950a4e4f23845421a496eabc238b47f0cf4da5ee28abf1a7,19cfd33b81c6deff489e458f0eee040d005eaea9718d148a3418985c56da9eda,c296300452d2090938afde2c76d45da46d1169588a412a866ddd84f3caed7e87,0.7580037869045,5,6,2994,0,2994,299,0.7412280701754386,0.7125193199381762,0.8087719298245614,0.7576006573541495,0.7789046653144016,0.6736842105263158,0.7224835371589841,0.745711992626289,0.7412280701754386,0.7400420972565668,0.7457119926262888,0.7412280701754386,0.7400420972565668,384,461,109,186,570,0.8087719298245614,0.5052631578947369,3,6.611042116399397,6.616119384765625,6.786826351085824,-14.96875,15.609375,179.31202870898414,6.43624210357666,6.74609375
true_pair,101,42,faa6143ba2e683c02b49d227dbfdc1ef006d019a4241e7f35a397b260edc3511,1,74505c00a78be1a1950a4e4f23845421a496eabc238b47f0cf4da5ee28abf1a7,19cfd33b81c6deff489e458f0eee040d005eaea9718d148a3418985c56da9eda,c296300452d2090938afde2c76d45da46d1169588a412a866ddd84f3caed7e87,0.7548035560653857,2,4,1996,0,2994,299,0.7298245614035088,0.6955223880597015,0.8175438596491228,0.7516129032258064,0.7787234042553192,0.6421052631578947,0.7038461538461539,0.7371228961575103,0.7298245614035088,0.7277295285359802,0.7371228961575104,0.7298245614035088,0.7277295285359802,366,466,104,204,570,0.8192982456140351,0.4807017543859649,3,3.348570607837878,3.0224609375,3.3512331721665554,-7.6484375,9.9375,120.04584937694017,6.43624210357666,6.74609375
true_pair,101,73,e3fdae61a46f35029d908c94282fe7b0e8c35c4d97c8366a835738fb084c4607,1,74505c00a78be1a1950a4e4f23845421a496eabc238b47f0cf4da5ee28abf1a7,19cfd33b81c6deff489e458f0eee040d005eaea9718d148a3418985c56da9eda,c296300452d2090938afde2c76d45da46d1169588a412a866ddd84f3caed7e87,0.782284594817708,4,6,2994,0,2994,299,0.7429824561403509,0.7289256198347107,0.7736842105263158,0.7506382978723404,0.7588785046728972,0.712280701754386,0.7348416289592761,0.743902062253804,0.7429824561403509,0.7427399634158083,0.743902062253804,0.7429824561403509,0.7427399634158082,406,441,129,164,570,0.8245614035087719,0.5140350877192983,1,6.68860580712034,6.9853515625,6.775344928767477,-14.09375,15.984375,178.63315473601688,6.43624210357666,6.74609375
true_pair,101,101,c935f17c2aa459bd272e5ab7e121e6da8baba069128ad5bb604efb6d8d5a687a,1,74505c00a78be1a1950a4e4f23845421a496eabc238b47f0cf4da5ee28abf1a7,19cfd33b81c6deff489e458f0eee040d005eaea9718d148a3418985c56da9eda,c296300452d2090938afde2c76d45da46d1169588a412a866ddd84f3caed7e87,0.7588408052845641,2,4,1996,0,2994,299,0.724561403508772,0.7084690553745928,0.7631578947368421,0.7347972972972973,0.7433460076045627,0.6859649122807018,0.7135036496350365,0.7259075314895778,0.724561403508772,0.7241504734661669,0.7259075314895778,0.724561403508772,0.7241504734661669,391,435,135,179,570,0.8140350877192982,0.47719298245614034,1,2.602621647349575,2.352783203125,2.7785444341446857,-6.35546875,8.6484375,119.84949313499965,6.43624210357666,6.74609375
shuffled_pair,13,13,d93bf39f0fcc5ce1fe41a11bf14f85edfb53897912dba9f085fa92a352d640ab,1,c3a6afb7d3d1438a70ed21d11c596f92b2a8947bcdbfd2135da7814e7ef86886,9ce99da3bd3c0afda70f6d676fc22c54e49d0829cdc88be60b0a15fded3d53d6,c296300452d2090938afde2c76d45da46d1169588a412a866ddd84f3caed7e87,0.7925508290564548,3,5,2495,0,2994,299,0.7535087719298246,0.7261345852895149,0.8140350877192982,0.7675765095119934,0.7884231536926147,0.6929824561403509,0.7376283846872083,0.7572788694910648,0.7535087719298246,0.7526024470996009,0.7572788694910648,0.7535087719298246,0.7526024470996008,395,464,106,175,570,0.8473684210526315,0.5491228070175439,1,3.985866653710081,3.931640625,3.82692055125211,-8.49609375,11.203125,149.55007337301504,6.43624210357666,6.74609375
shuffled_pair,13,21,9cbc2fe71541f104d43156560ed8a2500a91aa117aae00568a7642923cf0f1c0,1,c3a6afb7d3d1438a70ed21d11c596f92b2a8947bcdbfd2135da7814e7ef86886,9ce99da3bd3c0afda70f6d676fc22c54e49d0829cdc88be60b0a15fded3d53d6,c296300452d2090938afde2c76d45da46d1169588a412a866ddd84f3caed7e87,0.7859227425531653,4,6,2994,0,2994,299,0.7666666666666667,0.7593856655290102,0.7807017543859649,0.7698961937716263,0.7743682310469314,0.7526315789473684,0.7633451957295374,0.7668769482879708,0.7666666666666666,0.7666206947505818,0.7668769482879709,0.7666666666666667,0.7666206947505818,429,445,125,141,570,0.8385964912280702,0.5578947368421052,3,5.654274468672903,5.94580078125,5.363004136940723,-12.65625,14.03125,178.5664650799008,6.43624210357666,6.74609375
shuffled_pair,13,40,52363209a34eb703b4e86040eccd718328dace8c861c39f263e082c10c8d97f3,1,c3a6afb7d3d1438a70ed21d11c596f92b2a8947bcdbfd2135da7814e7ef86886,9ce99da3bd3c0afda70f6d676fc22c54e49d0829cdc88be60b0a15fded3d53d6,c296300452d2090938afde2c76d45da46d1169588a412a866ddd84f3caed7e87,0.8017488942445312,3,5,2495,0,2994,299,0.769298245614035,0.7806215722120659,0.7491228070175439,0.7645478961504029,0.7588532883642496,0.7894736842105263,0.7738607050730868,0.7697374302881577,0.7692982456140351,0.7692043006117448,0.7697374302881577,0.769298245614035,0.7692043006117448,450,427,143,120,570,0.8333333333333334,0.5649122807017544,1,4.296112515633566,4.67333984375,3.9429398504276336,-9.25,10.75,149.68784426699858,6.43624210357666,6.74609375
shuffled_pair,13,42,4b0a36ada14f61de60b0381f4786d6db59d4cd6c61dd3ae9df22ef8c35c7b71a,1,c3a6afb7d3d1438a70ed21d11c596f92b2a8947bcdbfd2135da7814e7ef86886,9ce99da3bd3c0afda70f6d676fc22c54e49d0829cdc88be60b0a15fded3d53d6,c296300452d2090938afde2c76d45da46d1169588a412a866ddd84f3caed7e87,0.7941279067972673,6,6,2994,0,2994,299,0.7763157894736842,0.7511961722488039,0.8263157894736842,0.7869674185463659,0.8070175438596491,0.7263157894736842,0.7645429362880887,0.7791068580542264,0.7763157894736843,0.7757551774172273,0.7791068580542265,0.7763157894736842,0.7757551774172272,414,471,99,156,570,0.856140350877193,0.5736842105263158,1,8.279669671309621,10.197265625,7.602825991185787,-18.0625,18.46875,181.07961506396532,6.43624210357666,6.74609375
shuffled_pair,13,73,6bf5fb9ca4150d97353a5100f60889753c7886bf65118c7370f47f2268feacf6,1,c3a6afb7d3d1438a70ed21d11c596f92b2a8947bcdbfd2135da7814e7ef86886,9ce99da3bd3c0afda70f6d676fc22c54e49d0829cdc88be60b0a15fded3d53d6,c296300452d2090938afde2c76d45da46d1169588a412a866ddd84f3caed7e87,0.766665948494763,1,3,1497,0,2994,299,0.7447368421052631,0.7392795883361921,0.756140350877193,0.7476149176062445,0.7504488330341114,0.7333333333333333,0.7417923691215617,0.7448642106851517,0.7447368421052631,0.7447036433639032,0.7448642106851519,0.7447368421052631,0.7447036433639032,418,431,139,152,570,0.8473684210526315,0.5157894736842106,0,1.78682447734632,1.408935546875,1.8601421125183173,-4.8671875,5.55078125,110.87045781302731,6.43624210357666,6.74609375
shuffled_pair,13,101,b430a0966b52f1c62cd4ac0e7489024f3bdabd1a25be0859b9e53b2c36eb3b8a,1,c3a6afb7d3d1438a70ed21d11c596f92b2a8947bcdbfd2135da7814e7ef86886,9ce99da3bd3c0afda70f6d676fc22c54e49d0829cdc88be60b0a15fded3d53d6,c296300452d2090938afde2c76d45da46d1169588a412a866ddd84f3caed7e87,0.7997534668721109,4,6,2994,0,2994,299,0.7657894736842106,0.7634782608695653,0.7701754385964912,0.7668122270742358,0.768141592920354,0.7614035087719299,0.7647577092511013,0.7658099268949596,0.7657894736842106,0.7657849681626685,0.7658099268949597,0.7657894736842106,0.7657849681626686,434,439,131,136,570,0.8368421052631579,0.5614035087719298,2,6.119896521484643,6.53515625,5.645858612096514,-11.640625,14.03125,365.2864802479744,6.43624210357666,6.74609375
shuffled_pair,21,13,4d15ef436b9fba1397ef0aca15908d0006dbf3b5e328d2386ff45b09d9643c5f,1,c3a6afb7d3d1438a70ed21d11c596f92b2a8947bcdbfd2135da7814e7ef86886,777957b527fbf66016b0c688daf6670149d9247f4acbb5d1d1a9c08a11b46d65,c296300452d2090938afde2c76d45da46d1169588a412a866ddd84f3caed7e87,0.7972966704702531,3,5,2495,0,2994,299,0.762280701754386,0.7471074380165289,0.7929824561403509,0.7693617021276595,0.7794392523364486,0.7315789473684211,0.7547511312217194,0.7632733451764888,0.762280701754386,0.7620564166746895,0.7632733451764888,0.762280701754386,0.7620564166746895,417,452,118,153,570,0.8543859649122807,0.5596491228070175,2,3.87276825486568,3.951171875,3.6713274039558668,-8.3203125,10.9609375,308.3941365260398,6.43624210357666,6.74609375
shuffled_pair,21,21,56490e38a1e0444cc9c1f3160ab77cae61b8e12d1526d37bd4cacbe07ce46b69,1,c3a6afb7d3d1438a70ed21d11c596f92b2a8947bcdbfd2135da7814e7ef86886,777957b527fbf66016b0c688daf6670149d9247f4acbb5d1d1a9c08a11b46d65,c296300452d2090938afde2c76d45da46d1169588a412a866ddd84f3caed7e87,0.7644221279115673,2,4,1996,0,2994,299,0.7526315789473684,0.7300319488817891,0.8017543859649123,0.7642140468227425,0.7801556420233463,0.7035087719298245,0.7398523985239852,0.7550937954525677,0.7526315789473684,0.7520332226733639,0.7550937954525677,0.7526315789473684,0.7520332226733639,401,457,113,169,570,0.8456140350877193,0.5263157894736842,2,2.501915168762207,2.39208984375,2.380810272520349,-5.7734375,6.7109375,245.10784147598315,6.43624210357666,6.74609375
shuffled_pair,21,40,4da35bbf91a690bd65636ae37a60ce993afad6f6c5842e173c5786ab754cb3c8,1,c3a6afb7d3d1438a70ed21d11c596f92b2a8947bcdbfd2135da7814e7ef86886,777957b527fbf66016b0c688daf6670149d9247f4acbb5d1d1a9c08a11b46d65,c296300452d2090938afde2c76d45da46d1169588a412a866ddd84f3caed7e87,0.7752498517499713,4,6,2994,0,2994,299,0.7570175438596491,0.7236641221374046,0.8315789473684211,0.7738775510204081,0.8020618556701031,0.6824561403508772,0.7374407582938388,0.7628629889037539,0.7570175438596491,0.7556591546571234,0.7628629889037538,0.7570175438596491,0.7556591546571234,389,474,96,181,570,0.8456140350877193,0.5543859649122806,0,5.8176693029571,7.060546875,5.5558903125735775,-13.359375,13.59375,365.99897726706695,6.43624210357666,6.74609375
shuffled_pair,21,42,372f00177878ae40fd8dff8f154609be6efb7b97e70ad8ded2cfe1a7cdc34f3c,1,c3a6afb7d3d1438a70ed21d11c596f92b2a8947bcdbfd2135da7814e7ef86886,777957b527fbf66016b0c688daf6670149d9247f4acbb5d1d1a9c08a11b46d65,c296300452d2090938afde2c76d45da46d1169588a412a866ddd84f3caed7e87,0.779446588928683,5,6,2994,0,2994,299,0.7570175438596491,0.7351524879614767,0.8035087719298246,0.7678122380553227,0.7833655705996132,0.7105263157894737,0.7451701931922723,0.759259029280545,0.7570175438596491,0.7564912156237975,0.759259029280545,0.7570175438596491,0.7564912156237976,405,458,112,165,570,0.8473684210526315,0.5456140350877193,4,7.159050469649466,8.73828125,6.90348841338267,-16.015625,16.3125,365.0238221860491,6.43624210357666,6.74609375
shuffled_pair,21,73,f9dcdcfc887a696f971e2584695aa8d307ce918b0a8ce9655cf0d84ad41fa21b,1,c3a6afb7d3d1438a70ed21d11c596f92b2a8947bcdbfd2135da7814e7ef86886,777957b527fbf66016b0c688daf6670149d9247f4acbb5d1d1a9c08a11b46d65,c296300452d2090938afde2c76d45da46d1169588a412a866ddd84f3caed7e87,0.7445378151260504,1,3,1497,0,2994,299,0.7324561403508771,0.7029096477794793,0.8052631578947368,0.7506132461161079,0.7720739219712526,0.6596491228070176,0.7114474929044465,0.7374917848753659,0.7324561403508771,0.7310303695102772,0.7374917848753659,0.7324561403508771,0.7310303695102773,376,459,111,194,570,0.8315789473684211,0.49473684210526314,2,1.3500986182898806,1.270751953125,1.4342166985428266,-4.08984375,4.45703125,185.86096629302483,6.43624210357666,6.74609375
shuffled_pair,21,101,9a8a46bb247fd8d55a524372b77300ab58d6b5bdaffb256457d3025b13988da7,1,c3a6afb7d3d1438a70ed21d11c596f92b2a8947bcdbfd2135da7814e7ef86886,777957b527fbf66016b0c688daf6670149d9247f4acbb5d1d1a9c08a11b46d65,c296300452d2090938afde2c76d45da46d1169588a412a866ddd84f3caed7e87,0.7666602029603775,3,5,2495,0,2994,299,0.7473684210526316,0.7620817843866171,0.7192982456140351,0.740072202166065,0.7342192691029901,0.775438596491228,0.7542662116040956,0.7481505267448036,0.7473684210526316,0.7471692068850803,0.7481505267448036,0.7473684210526316,0.7471692068850803,442,410,160,128,570,0.8456140350877193,0.5333333333333333,1,3.7487855610094574,3.7720947265625,3.5363474933487633,-8.390625,9.9375,305.1149413139792,6.43624210357666,6.74609375
shuffled_pair,40,13,caac2091558eaf889cccf7684c109f215804c43eaec85696d4059a561306269d,1,c3a6afb7d3d1438a70ed21d11c596f92b2a8947bcdbfd2135da7814e7ef86886,b2e2614b0656a7a0d7d5d9032d1d7dee6b4f06a99bd8a2de8f0649da271d2bdd,c296300452d2090938afde2c76d45da46d1169588a412a866ddd84f3caed7e87,0.7481733220050977,5,6,2994,0,2994,299,0.7649122807017544,0.7374213836477987,0.8228070175438597,0.7777777777777778,0.7996031746031746,0.7070175438596491,0.750465549348231,0.7685122791254867,0.7649122807017543,0.7641216635630044,0.7685122791254867,0.7649122807017544,0.7641216635630044,403,469,101,167,570,0.8526315789473684,0.5561403508771929,3,7.428015652037503,8.56622314453125,6.845637316921324,-16.171875,17.5,368.4478947489988,6.43624210357666,6.74609375
shuffled_pair,40,21,a27c17a48b58928ef631629d27703af09baa978138c44061dbbb94bc35c275a8,1,c3a6afb7d3d1438a70ed21d11c596f92b2a8947bcdbfd2135da7814e7ef86886,b2e2614b0656a7a0d7d5d9032d1d7dee6b4f06a99bd8a2de8f0649da271d2bdd,c296300452d2090938afde2c76d45da46d1169588a412a866ddd84f3caed7e87,0.7472564017292983,2,4,1996,0,2994,299,0.7412280701754386,0.7477477477477478,0.7280701754385965,0.7377777777777778,0.7350427350427351,0.7543859649122807,0.7445887445887446,0.7413952413952414,0.7412280701754386,0.7411832611832612,0.7413952413952415,0.7412280701754386,0.741183261183261,430,415,155,140,570,0.8350877192982457,0.5070175438596491,1,2.155099775080095,2.035888671875,2.239730514159136,-5.46484375,5.9453125,245.00864394998644,6.43624210357666,6.74609375
shuffled_pair,40,40,1095c02d859074332334b9a24562a314e79ca520d65f6a9171a702e2704b8aa9,1,c3a6afb7d3d1438a70ed21d11c596f92b2a8947bcdbfd2135da7814e7ef86886,b2e2614b0656a7a0d7d5d9032d1d7dee6b4f06a99bd8a2de8f0649da271d2bdd,c296300452d2090938afde2c76d45da46d1169588a412a866ddd84f3caed7e87,0.7411292191241214,6,6,2994,0,2994,299,0.7710526315789473,0.7495961227786753,0.8140350877192982,0.7804878048780488,0.7965451055662188,0.7280701754385965,0.7607699358386801,0.773070614172447,0.7710526315789474,0.7706288703583645,0.773070614172447,0.7710526315789473,0.7706288703583645,415,464,106,155,570,0.8578947368421053,0.5701754385964912,3,8.80961839107045,10.53369140625,7.910071623675178,-17.03125,19.21875,367.8368882670766,6.43624210357666,6.74609375
shuffled_pair,40,42,f85c7d7110ed6a899e82f2002d0842ab69b4be126456ca3c326f73fee4313954,1,c3a6afb7d3d1438a70ed21d11c596f92b2a8947bcdbfd2135da7814e7ef86886,b2e2614b0656a7a0d7d5d9032d1d7dee6b4f06a99bd8a2de8f0649da271d2bdd,c296300452d2090938afde2c76d45da46d1169588a412a866ddd84f3caed7e87,0.7412379443564301,5,6,2994,0,2994,299,0.7570175438596491,0.7397708674304418,0.7929824561403509,0.7654530059271804,0.776937618147448,0.7210526315789474,0.7479526842584168,0.7583542427889449,0.7570175438596491,0.7567028450927986,0.7583542427889449,0.7570175438596491,0.7567028450927986,411,452,118,159,570,0.8491228070175438,0.5456140350877193,2,7.16658790989926,8.048828125,6.683778337074538,-14.1875,16.84375,365.473903499078,6.43624210357666,6.74609375
shuffled_pair,40,73,99e7ffd3cdbbc78350bc8ebe4a0b70b57f0fd4f017e9d0fbb0b74300d8f30e30,1,c3a6afb7d3d1438a70ed21d11c596f92b2a8947bcdbfd2135da7814e7ef86886,b2e2614b0656a7a0d7d5d9032d1d7dee6b4f06a99bd8a2de8f0649da271d2bdd,c296300452d2090938afde2c76d45da46d1169588a412a866ddd84f3caed7e87,0.7449538509962692,2,4,1996,0,2994,299,0.7587719298245614,0.7909270216962525,0.7035087719298245,0.744661095636026,0.7330173775671406,0.8140350877192982,0.771404821280133,0.7619721996316966,0.7587719298245614,0.7580329584580795,0.7619721996316966,0.7587719298245614,0.7580329584580795,464,401,169,106,570,0.8596491228070176,0.5403508771929825,1,1.8994189881441885,1.7900390625,1.8387511327139852,-4.2109375,5.6796875,244.30809639196377,6.43624210357666,6.74609375
shuffled_pair,40,101,5185855f5e4b51cc42bdf3bcef0a7452f6ba47e775b74ae532de275babdbc54c,1,c3a6afb7d3d1438a70ed21d11c596f92b2a8947bcdbfd2135da7814e7ef86886,b2e2614b0656a7a0d7d5d9032d1d7dee6b4f06a99bd8a2de8f0649da271d2bdd,c296300452d2090938afde2c76d45da46d1169588a412a866ddd84f3caed7e87,0.7365794143744455,1,3,1497,0,2994,299,0.7473684210526316,0.7373737373737373,0.7684210526315789,0.7525773195876289,0.7582417582417582,0.7263157894736842,0.7419354838709677,0.7478077478077478,0.7473684210526316,0.7472564017292983,0.7478077478077478,0.7473684210526316,0.7472564017292983,414,438,132,156,570,0.8245614035087719,0.5210526315789473,0,1.28372713055527,1.188232421875,1.2760164923271933,-2.77734375,4.5078125,185.50597188109532,6.43624210357666,6.74609375
shuffled_pair,42,13,f66060da7305be413c1ee90bee06d11c1c8d2e9c4c1b4538c076adc2fc9eae6a,1,c3a6afb7d3d1438a70ed21d11c596f92b2a8947bcdbfd2135da7814e7ef86886,82f47319636cdabaf5a56f172f68023db0c21b5f83e97554f59db62e8bdb1c96,c296300452d2090938afde2c76d45da46d1169588a412a866ddd84f3caed7e87,0.7771374211483935,2,4,1996,0,2994,299,0.7543859649122807,0.7598566308243727,0.743859649122807,0.75177304964539,0.7491408934707904,0.7649122807017544,0.7569444444444444,0.7544987621475816,0.7543859649122807,0.7543587470449172,0.7544987621475816,0.7543859649122807,0.7543587470449172,436,424,146,134,570,0.8508771929824561,0.5368421052631579,0,2.189341356461508,2.3623046875,2.2053090856514994,-4.5439453125,5.796875,245.55458790599369,6.43624210357666,6.74609375
shuffled_pair,42,21,e3a1d33e220a71ef905c6c6dff614e45ff0be68e6af5c8ea81bdbed47f85256a,1,c3a6afb7d3d1438a70ed21d11c596f92b2a8947bcdbfd2135da7814e7ef86886,82f47319636cdabaf5a56f172f68023db0c21b5f83e97554f59db62e8bdb1c96,c296300452d2090938afde2c76d45da46d1169588a412a866ddd84f3caed7e87,0.76997082662017,1,3,1497,0,2994,299,0.7342105263157894,0.7057010785824345,0.8035087719298246,0.7514356029532404,0.7718940936863544,0.6649122807017543,0.7144203581526861,0.7387975861343945,0.7342105263157894,0.7329279805529633,0.7387975861343945,0.7342105263157894,0.7329279805529633,379,458,112,191,570,0.8140350877192982,0.49298245614035086,5,1.7664243020509418,1.610107421875,1.8973388273287273,-4.6796875,6.265625,184.3354868378956,6.43624210357666,6.74609375
shuffled_pair,42,40,9a2d10cdfd90b11a8190b2985e0b48661c6d2f2f035659f673d01f6a0548ab4e,1,c3a6afb7d3d1438a70ed21d11c596f92b2a8947bcdbfd2135da7814e7ef86886,82f47319636cdabaf5a56f172f68023db0c21b5f83e97554f59db62e8bdb1c96,c296300452d2090938afde2c76d45da46d1169588a412a866ddd84f3caed7e87,0.7712087342069187,4,6,2994,0,2994,299,0.7473684210526316,0.718944099378882,0.8122807017543859,0.7627677100494233,0.7842741935483871,0.6824561403508772,0.7298311444652908,0.7516091464636345,0.7473684210526316,0.7462994272573571,0.7516091464636346,0.7473684210526316,0.7462994272573571,389,463,107,181,570,0.8456140350877193,0.5280701754385965,1,5.363622605173211,5.52978515625,5.30080205650789,-10.109375,14.421875,364.2279812990455,6.43624210357666,6.74609375
shuffled_pair,42,42,eab4826eb875156a72e367fad098c90ce9ae69544f9762a62af902a9389345d3,1,c3a6afb7d3d1438a70ed21d11c596f92b2a8947bcdbfd2135da7814e7ef86886,82f47319636cdabaf5a56f172f68023db0c21b5f83e97554f59db62e8bdb1c96,c296300452d2090938afde2c76d45da46d1169588a412a866ddd84f3caed7e87,0.7701407722309612,4,6,2994,0,2994,299,0.75,0.7347611202635914,0.7824561403508772,0.7578589634664401,0.7673545966228893,0.7175438596491228,0.7416137805983681,0.7510578584432404,0.75,0.7497363720324042,0.7510578584432404,0.75,0.7497363720324042,409,446,124,161,570,0.8228070175438597,0.5350877192982456,3,5.093734085350706,5.59765625,5.000512565100805,-8.609375,14.0625,367.6501526449574,6.43624210357666,6.74609375
shuffled_pair,42,73,a038078c8ba0f3a831dd687a56e489318f3f4f3d7c7fd131aac6b2736f9bd3da,1,c3a6afb7d3d1438a70ed21d11c596f92b2a8947bcdbfd2135da7814e7ef86886,82f47319636cdabaf5a56f172f68023db0c21b5f83e97554f59db62e8bdb1c96,c296300452d2090938afde2c76d45da46d1169588a412a866ddd84f3caed7e87,0.7820025661271219,4,6,2994,0,2994,299,0.7543859649122807,0.7308917197452229,0.8052631578947368,0.7662771285475793,0.783203125,0.7035087719298245,0.7412199630314233,0.7570474223726115,0.7543859649122806,0.7537485457895013,0.7570474223726115,0.7543859649122807,0.7537485457895013,401,459,111,169,570,0.8298245614035088,0.531578947368421,1,5.140102252625582,5.476318359375,4.861091971794109,-9.0,13.625,367.5657283239998,6.43624210357666,6.74609375
shuffled_pair,42,101,c317d8e7c5aa97fbc1b32a1573f708909a864b75e01ebcf6b277b21718231da7,1,c3a6afb7d3d1438a70ed21d11c596f92b2a8947bcdbfd2135da7814e7ef86886,82f47319636cdabaf5a56f172f68023db0c21b5f83e97554f59db62e8bdb1c96,c296300452d2090938afde2c76d45da46d1169588a412a866ddd84f3caed7e87,0.7679382155546782,4,6,2994,0,2994,299,0.7473684210526316,0.722397476340694,0.8035087719298246,0.760797342192691,0.7786561264822134,0.6912280701754386,0.7323420074349443,0.7505268014114537,0.7473684210526317,0.7465696748138176,0.7505268014114537,0.7473684210526316,0.7465696748138176,394,458,112,176,570,0.8456140350877193,0.519298245614035,1,5.059559845506099,4.904296875,4.926227713384052,-10.015625,14.03125,365.70146211294923,6.43624210357666,6.74609375
shuffled_pair,73,13,77e44a7f0a4f87047f86b33951ee6f637417d7c2706cd22429e5ad73f2cf1faf,1,c3a6afb7d3d1438a70ed21d11c596f92b2a8947bcdbfd2135da7814e7ef86886,02b3b3662d75591a1230da3154149693de487b7678fe08b814a8a10fb13ba588,c296300452d2090938afde2c76d45da46d1169588a412a866ddd84f3caed7e87,0.7837946187649372,6,6,2994,0,2994,299,0.775438596491228,0.7484177215189873,0.8298245614035088,0.7870216306156406,0.8090551181102362,0.7210526315789474,0.7625231910946196,0.7787364198146118,0.775438596491228,0.7747724108551302,0.7787364198146118,0.775438596491228,0.7747724108551302,411,473,97,159,570,0.8350877192982457,0.5771929824561404,1,8.49402069627193,10.640625,7.567829006981663,-16.3125,18.125,365.00705886702053,6.43624210357666,6.74609375
shuffled_pair,73,21,804b5185fe2f4fefd244eee6818b6ecea5767c82589decd646f66437db062444,1,c3a6afb7d3d1438a70ed21d11c596f92b2a8947bcdbfd2135da7814e7ef86886,02b3b3662d75591a1230da3154149693de487b7678fe08b814a8a10fb13ba588,c296300452d2090938afde2c76d45da46d1169588a412a866ddd84f3caed7e87,0.7591086185994429,2,4,1996,0,2994,299,0.7421052631578947,0.7110091743119266,0.8157894736842105,0.7598039215686274,0.7839506172839507,0.6684210526315789,0.7215909090909091,0.7474798957979386,0.7421052631578947,0.7406974153297683,0.7474798957979386,0.7421052631578947,0.7406974153297683,381,465,105,189,570,0.8508771929824561,0.512280701754386,0,2.0872252882572644,1.79400634765625,2.0899961309077035,-4.94921875,7.03125,246.43294145504478,6.43624210357666,6.74609375
shuffled_pair,73,40,5ad1570344c1545d2e3e7e4dd243d666b34c98995a236792e1597a4011603f84,1,c3a6afb7d3d1438a70ed21d11c596f92b2a8947bcdbfd2135da7814e7ef86886,02b3b3662d75591a1230da3154149693de487b7678fe08b814a8a10fb13ba588,c296300452d2090938afde2c76d45da46d1169588a412a866ddd84f3caed7e87,0.7715247715247715,4,6,2994,0,2994,299,0.7649122807017544,0.7247023809523809,0.8543859649122807,0.784219001610306,0.8226495726495726,0.6754385964912281,0.7418111753371869,0.7736759768009768,0.7649122807017543,0.7630150884737464,0.7736759768009768,0.7649122807017544,0.7630150884737464,385,487,83,185,570,0.8315789473684211,0.5526315789473685,3,6.415549386175055,6.66455078125,6.2077375663040915,-13.421875,15.640625,366.2497997889295,6.43624210357666,6.74609375
shuffled_pair,73,42,c918d0c6e966b3d4a0d020a403a13d6d4a2e76f7f521e3beece9819a058fdca7,1,c3a6afb7d3d1438a70ed21d11c596f92b2a8947bcdbfd2135da7814e7ef86886,02b3b3662d75591a1230da3154149693de487b7678fe08b814a8a10fb13ba588,c296300452d2090938afde2c76d45da46d1169588a412a866ddd84f3caed7e87,0.7787730560244452,5,6,2994,0,2994,299,0.7719298245614035,0.7391975308641975,0.8403508771929824,0.7865353037766831,0.8150406504065041,0.7035087719298245,0.7551789077212806,0.7771190906353508,0.7719298245614035,0.7708571057489819,0.7771190906353508,0.7719298245614035,0.7708571057489818,401,479,91,169,570,0.8508771929824561,0.5736842105263158,2,7.5456184253358005,9.328125,6.719998680724571,-15.34375,17.09375,366.41580160707235,6.43624210357666,6.74609375
shuffled_pair,73,73,103c6c8cb70ba3811b139543fc0010e3b1aab6415df091c32b4decf2359d7083,1,c3a6afb7d3d1438a70ed21d11c596f92b2a8947bcdbfd2135da7814e7ef86886,02b3b3662d75591a1230da3154149693de487b7678fe08b814a8a10fb13ba588,c296300452d2090938afde2c76d45da46d1169588a412a866ddd84f3caed7e87,0.7840982228367479,5,6,2994,0,2994,299,0.7605263157894737,0.7353407290015848,0.8140350877192982,0.7726894254787677,0.7917485265225933,0.7070175438596491,0.7469879518072289,0.763544627762089,0.7605263157894737,0.7598386886429983,0.763544627762089,0.7605263157894737,0.7598386886429983,403,464,106,167,570,0.8491228070175438,0.5596491228070175,0,6.821064464669479,7.61962890625,6.3288935760577045,-14.03125,16.40625,366.73709418298677,6.43624210357666,6.74609375
shuffled_pair,73,101,05b4cbfcd3239d0e6452ae1e1a3e0f239c877aea3f08066f5cfa8c906deb1a65,1,c3a6afb7d3d1438a70ed21d11c596f92b2a8947bcdbfd2135da7814e7ef86886,02b3b3662d75591a1230da3154149693de487b7678fe08b814a8a10fb13ba588,c296300452d2090938afde2c76d45da46d1169588a412a866ddd84f3caed7e87,0.7769946181737526,5,6,2994,0,2994,299,0.7850877192982456,0.7567140600315956,0.8403508771929824,0.7963424771404821,0.8205128205128205,0.7298245614035088,0.7725162488393686,0.788613440272208,0.7850877192982456,0.7844293629899254,0.788613440272208,0.7850877192982456,0.7844293629899254,416,479,91,154,570,0.8421052631578947,0.5912280701754385,1,7.2641856277198125,8.703125,6.345001304391621,-13.125,15.5625,367.01077246898785,6.43624210357666,6.74609375
shuffled_pair,101,13,6e43974060a6ee4de3269b57b334f71d5340ed11b84fcab137689c1934d27199,1,c3a6afb7d3d1438a70ed21d11c596f92b2a8947bcdbfd2135da7814e7ef86886,19cfd33b81c6deff489e458f0eee040d005eaea9718d148a3418985c56da9eda,c296300452d2090938afde2c76d45da46d1169588a412a866ddd84f3caed7e87,0.7858700070206555,3,5,2495,0,2994,299,0.7342105263157894,0.744954128440367,0.712280701754386,0.7282511210762331,0.7243697478991596,0.756140350877193,0.7399141630901288,0.7346619381697633,0.7342105263157894,0.734082642083181,0.7346619381697632,0.7342105263157894,0.734082642083181,431,406,164,139,570,0.8333333333333334,0.5017543859649123,0,3.2554025850797954,2.6455078125,3.3615372140621282,-6.53125,9.984375,304.86203152698,6.43624210357666,6.74609375
shuffled_pair,101,21,1c770180e9bc648dd9543d41badd12bc065d6f4ca4878e0ad488f76435394527,1,c3a6afb7d3d1438a70ed21d11c596f92b2a8947bcdbfd2135da7814e7ef86886,19cfd33b81c6deff489e458f0eee040d005eaea9718d148a3418985c56da9eda,c296300452d2090938afde2c76d45da46d1169588a412a866ddd84f3caed7e87,0.7797738083831225,6,6,2994,0,2994,299,0.7210526315789474,0.6938461538461539,0.7912280701754386,0.739344262295082,0.7571428571428571,0.6508771929824562,0.7,0.7254945054945054,0.7210526315789474,0.7196721311475409,0.7254945054945054,0.7210526315789474,0.7196721311475409,371,451,119,199,570,0.8052631578947368,0.47192982456140353,4,6.69144929584704,4.8818359375,7.289429858649514,-14.203125,16.859375,368.1242288489593,6.43624210357666,6.74609375
shuffled_pair,101,40,96001ab63d8afbd41df23cce42cd7bbc942acb5b58f361b9130fcecbcea0ec82,1,c3a6afb7d3d1438a70ed21d11c596f92b2a8947bcdbfd2135da7814e7ef86886,19cfd33b81c6deff489e458f0eee040d005eaea9718d148a3418985c56da9eda,c296300452d2090938afde2c76d45da46d1169588a412a866ddd84f3caed7e87,0.7712962962962964,2,4,1996,0,2994,299,0.7175438596491228,0.7019543973941368,0.756140350877193,0.7280405405405406,0.7357414448669202,0.6789473684210526,0.7062043795620438,0.7188479211305285,0.7175438596491228,0.7171224600512922,0.7188479211305285,0.7175438596491228,0.7171224600512922,387,431,139,183,570,0.8070175438596491,0.4649122807017544,1,2.882627841882538,2.349609375,3.2094666140356525,-7.1171875,8.625,244.77367835503537,6.43624210357666,6.74609375
shuffled_pair,101,42,cd79277cbd851a671365e4e3923d9af3044a4d5b817903e55092b2405c5ccb85,1,c3a6afb7d3d1438a70ed21d11c596f92b2a8947bcdbfd2135da7814e7ef86886,19cfd33b81c6deff489e458f0eee040d005eaea9718d148a3418985c56da9eda,c296300452d2090938afde2c76d45da46d1169588a412a866ddd84f3caed7e87,0.7696586061060366,5,6,2994,0,2994,299,0.724561403508772,0.7091503267973857,0.7614035087719299,0.7343485617597293,0.7424242424242424,0.6877192982456141,0.7140255009107468,0.725787284610814,0.724561403508772,0.7241870313352381,0.7257872846108141,0.724561403508772,0.7241870313352381,392,434,136,178,570,0.8070175438596491,0.4842105263157895,1,6.706046469169751,5.76953125,7.324683331486766,-15.953125,17.78125,367.58801984996535,6.43624210357666,6.74609375
shuffled_pair,101,73,61ed00788fd46abaa4933c89fe6d00a8694990b616dadf98bed3ff9ae294be85,1,c3a6afb7d3d1438a70ed21d11c596f92b2a8947bcdbfd2135da7814e7ef86886,19cfd33b81c6deff489e458f0eee040d005eaea9718d148a3418985c56da9eda,c296300452d2090938afde2c76d45da46d1169588a412a866ddd84f3caed7e87,0.7746367500247109,3,5,2495,0,2994,299,0.730701754385965,0.7019969278033794,0.8017543859649123,0.7485667485667485,0.7689161554192229,0.6596491228070176,0.7101038715769594,0.7354565416113011,0.730701754385965,0.729335310071854,0.735456541611301,0.730701754385965,0.729335310071854,376,457,113,194,570,0.8263157894736842,0.4964912280701754,0,3.9932813912107235,3.406494140625,4.134338745086842,-8.21875,11.765625,304.6770212199772,6.43624210357666,6.74609375
shuffled_pair,101,101,23964206a0c58be967b1afd963e1ce5748d6ad6ca465fb453f8f1ec8eba5eb0b,1,c3a6afb7d3d1438a70ed21d11c596f92b2a8947bcdbfd2135da7814e7ef86886,19cfd33b81c6deff489e458f0eee040d005eaea9718d148a3418985c56da9eda,c296300452d2090938afde2c76d45da46d1169588a412a866ddd84f3caed7e87,0.7709116541353384,3,5,2495,0,2994,299,0.7236842105263158,0.6964560862865947,0.7929824561403509,0.7415914684167351,0.7596741344195519,0.6543859649122807,0.70311027332705,0.7280651103530733,0.7236842105263158,0.7223508708718925,0.7280651103530733,0.7236842105263158,0.7223508708718925,373,452,118,197,570,0.8035087719298246,0.4824561403508772,1,3.714959000704581,3.0419921875,4.000032114432532,-7.953125,11.53125,158.64038389292546,6.43624210357666,6.74609375
