method,split_seed,run_count,accuracy_mean,accuracy_std,f1_macro_mean,f1_macro_std,f1_pun_mean,f1_pun_std,f1_non_pun_mean,f1_non_pun_std,pair_ranking_accuracy_mean,pair_ranking_accuracy_std,pair_exact_match_mean,pair_exact_match_std,mean_pair_margin_mean,mean_pair_margin_std,median_pair_margin_mean,median_pair_margin_std,std_pair_margin_mean,std_pair_margin_std,duration_seconds_mean,duration_seconds_std,peak_allocated_gb_mean,peak_allocated_gb_std,peak_reserved_gb_mean,peak_reserved_gb_std
instance_level,13,6,0.7606725146198831,0.006286889695688811,0.7603634108904451,0.006558187900534234,0.7544933893176283,0.01211633543764249,0.7662334324632618,0.006159692948844819,0.8450292397660819,0.007819655976817207,0.5505847953216374,0.015708042126974617,5.168633637233087,1.6260334796418603,5.955973307291667,2.2417352501636483,4.812371393545439,1.4216152035780343,169.30944131751312,23.960613690611243,6.4362568855285645,0.0,6.74609375,0.0
instance_level,21,6,0.7679824561403509,0.00741733970407356,0.7675252651668941,0.0075013775435452375,0.7622509671495545,0.008942501038827712,0.7727995631842335,0.014910797580932751,0.8380116959064328,0.008783617944102248,0.5660818713450292,0.01625688922001782,4.891543119413811,1.8329725030107464,5.935872395833333,2.545961680405353,4.527244550951913,1.673176637725778,168.9461013621573,24.330447793951297,6.4362568855285645,0.0,6.74609375,0.0
instance_level,40,6,0.7624269005847953,0.00736876913686317,0.7621860529882599,0.007576626074140862,0.7620571818298342,0.009990349577625915,0.7623149241466859,0.012474925260992961,0.8423976608187135,0.008836023156495199,0.5529239766081872,0.01566880465821362,3.9087807292826695,2.0231206255826426,4.4066416422526045,2.7540388944089282,3.7053012269601884,1.9024159056882681,144.27811693799836,34.95720452903819,6.4362568855285645,0.0,6.74609375,0.0
instance_level,42,6,0.7508771929824561,0.00672641737287048,0.749944340592236,0.007217114292968907,0.7354477908022651,0.01209431257073683,0.7644408903822071,0.004540177217354646,0.8415204678362573,0.010795771470609882,0.5350877192982456,0.015730885453656106,6.076326867711475,1.2065098925491,6.913845062255859,1.7709229478104773,5.97541684200953,1.1655802446333254,174.58638171935067,12.621594662940769,6.4362568855285645,0.0,6.74609375,0.0
instance_level,73,6,0.7624269005847953,0.0129446660359863,0.7610914127951919,0.01442754123116533,0.7454817778748596,0.024511906835809456,0.7767010477155244,0.0062759137967336115,0.8350877192982455,0.017508736771753894,0.5564327485380117,0.03101676324068644,4.241029966365525,1.9593821182377595,4.7738037109375,2.7738262172746673,4.047133786266667,1.8047262696925268,149.4964014791767,33.044412582565414,6.4362568855285645,0.0,6.74609375,0.0
instance_level,101,6,0.7352339181286549,0.006550621281300495,0.7344607954062904,0.0070937837612514276,0.7213260180814607,0.01344411162987231,0.7475955727311199,0.0025093598235377767,0.8187134502923977,0.011672491181169288,0.4994152046783626,0.00996557118322378,3.343440132810358,0.6839617977658322,3.0343831380208335,0.76544471454073,3.516580705120632,0.6889455277601867,158.82039651447363,15.32098703124363,6.4362568855285645,0.0,6.74609375,0.0
true_pair,13,6,0.7635964912280703,0.007458719884028518,0.7633387928065553,0.007643688165832878,0.7565875665265955,0.01111178126393382,0.7700900190865151,0.005765164786149458,0.847953216374269,0.01746179637423264,0.5543859649122808,0.010757691029302366,5.846716944097776,1.9989092092201308,6.836344401041667,2.9536572563709718,5.443791761958586,1.9870143161626612,154.6906553003549,29.357188353694617,6.43624210357666,0.0,6.74609375,0.0
true_pair,21,6,0.7643274853801169,0.007247688133253622,0.7640529630444143,0.007426238978996706,0.7578734525337394,0.012319776216343272,0.770232473555089,0.005005208884297757,0.8514619883040936,0.009587790190371556,0.5596491228070176,0.017225175731415587,5.318053699515716,1.924021658335074,6.2684326171875,2.688484755564883,4.828272792229199,1.7199359972018227,145.0582803558209,34.68403518772849,6.43624210357666,0.0,6.74609375,0.0
true_pair,40,6,0.7586257309941521,0.005447549695169199,0.7580069734093543,0.005478122460197436,0.7526987619215652,0.010808444524168565,0.7633151848971435,0.015341534849087823,0.847953216374269,0.01495521854098764,0.5467836257309941,0.011933264038067536,6.638212565371865,2.006244084418276,7.843180338541667,2.6356467803689556,6.253135076532536,1.9641185670522405,164.5696808633123,24.989499582959528,6.43624210357666,0.0,6.74609375,0.0
true_pair,42,6,0.7451754385964913,0.0067435547697483065,0.7440692196967267,0.006982214998699705,0.7306381206642878,0.014981868037676841,0.7575003187291657,0.011162881753668117,0.8374269005847953,0.008922681227022503,0.5201754385964913,0.014241897363229734,6.696102490341453,1.2408544738149656,7.097900390625,1.7465290934981372,6.615764274405092,1.1581625804579405,174.59136132538939,12.166464247160457,6.43624210357666,0.0,6.74609375,0.0
true_pair,73,6,0.7665204678362573,0.008028432597225615,0.7654103727161873,0.00819348368497075,0.7494325339627655,0.01003040940717458,0.7813882114696091,0.006982288036036182,0.8517543859649123,0.006726417372870487,0.5625730994152046,0.012035991304971162,7.296256209256356,1.0629258451756354,9.092274983723959,1.8353803074890067,6.623691623839531,0.9482029204277359,169.45094053268744,15.420505389173153,6.43624210357666,0.0,6.74609375,0.0
true_pair,101,6,0.7309941520467836,0.009194500120249595,0.7294546656747326,0.01001819478115741,0.7105395220247059,0.01736660781396246,0.748369809324759,0.0075784939820422595,0.8239766081871345,0.01366470344508527,0.48713450292397664,0.018321927675710763,4.756798354087517,1.9513468885851868,4.4815521240234375,2.0607155391626724,4.870940367666542,1.9732297115675932,149.39452615349242,32.248717735463835,6.43624210357666,0.0,6.74609375,0.0
shuffled_pair,13,6,0.762719298245614,0.01150093335969061,0.7624452052342878,0.011515835742570169,0.7576545500250974,0.014460869458148303,0.7672358604434781,0.012561160897518518,0.8432748538011695,0.00849866766062452,0.5538011695906433,0.02029837955547751,5.020440718026189,2.2038325929373066,5.448689778645833,2.9393441860420477,4.706948542403514,1.957576698692574,189.17348930748025,89.94920937622598,6.43624210357666,0.0,6.74609375,0.0
shuffled_pair,21,6,0.7514619883040936,0.010565230213460838,0.7507399310040553,0.010846459075777803,0.7404880309567262,0.015926328415289,0.7609918310513843,0.012948691401746861,0.8450292397660819,0.007415610518899333,0.535672514619883,0.023633256863982485,4.075047895922299,2.1258062258969934,4.53082275390625,2.836057635986289,3.913680099054009,2.0166482849291407,295.9167808436905,70.17324079100536,6.43624210357666,0.0,6.74609375,0.0
shuffled_pair,40,6,0.7567251461988304,0.010993529906498095,0.7563210000641344,0.010769959999415435,0.7528528698641955,0.011171848877371618,0.7597891302640732,0.017603825384790082,0.8464912280701755,0.0138474296566113,0.5400584795321638,0.02301970108276559,4.790411307797794,3.357282677554866,5.360483805338542,4.134603411307017,4.4656642361452255,2.982534170752392,296.0968997896998,80.89116693412855,6.43624210357666,0.0,6.74609375,0.0
shuffled_pair,42,6,0.747953216374269,0.00743633420304649,0.7472734579151602,0.00781576353412759,0.7360619496878594,0.014244478955946105,0.7584849661424607,0.005992361756530028,0.834795321637427,0.01477924837111488,0.5239766081871345,0.016407651851930004,4.102130741194674,1.6542661251174546,4.246744791666667,1.7842842470908624,4.03188036996118,1.5445704827711735,315.83923318747355,80.524382838589,6.43624210357666,0.0,6.74609375,0.0
shuffled_pair,73,6,0.7666666666666666,0.014751454743563461,0.7656016786734251,0.015008853219742853,0.750101397315099,0.017741346643567277,0.7811019600317511,0.012891316565798491,0.8432748538011695,0.008425924516644574,0.5611111111111111,0.027503415757347917,6.4379439814048895,2.245578115263767,7.458343505859375,3.0955876541864615,5.8765760442278925,1.9206023583970857,346.308911395007,48.93390206843889,6.43624210357666,0.0,6.74609375,0.0
shuffled_pair,101,6,0.7252923976608187,0.006163282160409083,0.7244584075934998,0.0062872886359921516,0.7122263647444882,0.014444427773738527,0.7366904504425115,0.008045331761158746,0.8137426900584795,0.01271980236952165,0.48362573099415207,0.014020460213792744,4.540627763982404,1.7144769401374422,3.6824951171875,1.3514796215070584,4.8865813129589055,1.9083151818045119,291.4442272823071,79.8095796871,6.43624210357666,0.0,6.74609375,0.0
