pair_id,pun_id,non_pun_id,pun_predicted_label,non_pun_predicted_label,pun_score,non_pun_score,pun_probability,non_pun_probability,pair_margin,ranking_correct,ranking_tie,exact_match
1.2,1.2.H,1.2.N,0,1,-1.90234375,0.5341796875,0.12984344363212585,0.6304574012756348,-2.4365234375,False,False,False
1.4,1.4.H,1.4.N,0,0,-3.9765625,-2.8828125,0.018404891714453697,0.0530097670853138,-1.09375,False,False,False
1.5,1.5.H,1.5.N,0,0,-2.71875,-4.953125,0.061875976622104645,0.007011794485151768,2.234375,True,False,False
2.21,2.21.H,2.21.N,1,0,1.80078125,-2.6640625,0.858244001865387,0.06512755155563354,4.46484375,True,False,True
2.8,2.8.H,2.8.N,0,0,-0.30312347412109375,-2.78125,0.42479407787323,0.05834583938121796,2.4781265258789062,True,False,False
3.14,3.14.H,3.14.N,0,0,-4.328125,-4.90625,0.013020490296185017,0.007345826365053654,0.578125,True,False,False
3.3,3.3.H,3.3.N,0,0,-2.5625,-3.5859375,0.07159119844436646,0.026963500306010246,1.0234375,True,False,False
4.100,4.100.H,4.100.N,0,0,-4.078125,-4.0,0.016657039523124695,0.01798621006309986,-0.078125,False,False,False
4.103,4.103.H,4.103.N,1,1,1.85546875,1.4296875,0.8647679686546326,0.8068526387214661,0.42578125,True,False,False
4.106,4.106.H,4.106.N,1,0,0.46185302734375,-2.9140625,0.6134536862373352,0.05146276578307152,3.37591552734375,True,False,True
4.11,4.11.H,4.11.N,1,0,2.53125,-2.453125,0.9263036847114563,0.07921033352613449,4.984375,True,False,True
4.117,4.117.H,4.117.N,0,0,-2.640625,-3.2421875,0.06656918674707413,0.03760863095521927,0.6015625,True,False,False
4.121,4.121.H,4.121.N,0,0,-3.9453125,-3.2578125,0.01897803694009781,0.03704717010259628,-0.6875,False,False,False
4.125,4.125.H,4.125.N,0,0,-0.1005859375,-4.046875,0.47487467527389526,0.017176710069179535,3.9462890625,True,False,False
4.129,4.129.H,4.129.N,1,0,0.13385009765625,-0.849609375,0.5334126353263855,0.2995148301124573,0.98345947265625,True,False,True
4.141,4.141.H,4.141.N,1,0,2.1875,-0.978515625,0.8991213440895081,0.27318641543388367,3.166015625,True,False,True
4.149,4.149.H,4.149.N,1,1,2.9921875,2.12109375,0.9522199034690857,0.8929365277290344,0.87109375,True,False,False
4.150,4.150.H,4.150.N,1,0,1.1953125,-5.140625,0.7676898241043091,0.005819959565997124,6.3359375,True,False,True
4.151,4.151.H,4.151.N,0,0,-4.109375,-2.59375,0.01615283451974392,0.06954174488782883,-1.515625,False,False,False
4.154,4.154.H,4.154.N,0,0,-0.4921875,-5.671875,0.37937837839126587,0.003429603762924671,5.1796875,True,False,False
4.158,4.158.H,4.158.N,1,0,0.947265625,-1.0078125,0.7205649614334106,0.2674081325531006,1.955078125,True,False,True
4.159,4.159.H,4.159.N,1,1,2.1171875,2.578125,0.8925625681877136,0.929440438747406,-0.4609375,False,False,False
4.160,4.160.H,4.160.N,0,0,-0.958984375,-1.015625,0.27708157896995544,0.26588043570518494,0.056640625,True,False,False
4.163,4.163.H,4.163.N,1,0,0.5107421875,-4.875,0.6249805092811584,0.0075772409327328205,5.3857421875,True,False,True
4.169,4.169.H,4.169.N,0,0,-4.34375,-3.515625,0.012821213342249393,0.028870904818177223,-0.828125,False,False,False
4.17,4.17.H,4.17.N,1,1,3.3046875,2.07421875,0.9645892381668091,0.888372004032135,1.23046875,True,False,False
4.170,4.170.H,4.170.N,0,0,-0.966796875,-5.515625,0.27551940083503723,0.004007289186120033,4.548828125,True,False,False
4.183,4.183.H,4.183.N,1,0,1.70703125,-5.921875,0.8464508652687073,0.0026730059180408716,7.62890625,True,False,True
4.193,4.193.H,4.193.N,0,0,-1.08203125,-1.44140625,0.25312182307243347,0.19132766127586365,0.359375,True,False,False
4.198,4.198.H,4.198.N,1,0,2.7890625,-1.9921875,0.942081868648529,0.12002561241388321,4.78125,True,False,True
4.201,4.201.H,4.201.N,1,1,3.625,3.796875,0.9740425944328308,0.9780517220497131,-0.171875,False,False,False
4.203,4.203.H,4.203.N,0,0,-2.7421875,-1.197265625,0.06052938848733902,0.23196202516555786,-1.544921875,False,False,False
4.206,4.206.H,4.206.N,1,0,2.625,-4.15625,0.9324532747268677,0.01542455144226551,6.78125,True,False,True
4.229,4.229.H,4.229.N,1,0,1.59375,-3.3125,0.8311430811882019,0.03514484688639641,4.90625,True,False,True
4.232,4.232.H,4.232.N,1,0,3.5,-4.0078125,0.970687747001648,0.01784873753786087,7.5078125,True,False,True
4.235,4.235.H,4.235.N,1,1,2.875,1.33203125,0.9465966820716858,0.791176438331604,1.54296875,True,False,False
4.245,4.245.H,4.245.N,0,0,-2.703125,-1.150390625,0.06278920918703079,0.2404177337884903,-1.552734375,False,False,False
4.253,4.253.H,4.253.N,0,0,-0.771484375,-0.2291259765625,0.3161580562591553,0.44296780228614807,-0.5423583984375,False,False,False
4.256,4.256.H,4.256.N,1,0,2.6015625,-4.75,0.930962085723877,0.008577484637498856,7.3515625,True,False,True
4.261,4.261.H,4.261.N,0,0,-2.3671875,-2.11328125,0.08570926636457443,0.10781263560056686,-0.25390625,False,False,False
4.262,4.262.H,4.262.N,1,0,2.0234375,-5.703125,0.8832359910011292,0.003324436955153942,7.7265625,True,False,True
4.264,4.264.H,4.264.N,0,0,-3.0859375,-4.1015625,0.043691057711839676,0.016277460381388664,1.015625,True,False,False
4.266,4.266.H,4.266.N,1,0,2.421875,-0.6337890625,0.9184802770614624,0.3466518521308899,3.0556640625,True,False,True
4.276,4.276.H,4.276.N,1,0,1.796875,-2.890625,0.8577680587768555,0.052618950605392456,4.6875,True,False,True
4.277,4.277.H,4.277.N,1,0,0.20947265625,-3.78125,0.5521775484085083,0.0222861859947443,3.99072265625,True,False,True
4.28,4.28.H,4.28.N,0,0,-2.28125,-2.01953125,0.09268777072429657,0.11716748028993607,-0.26171875,False,False,False
4.280,4.280.H,4.280.N,0,0,-1.392578125,-2.4296875,0.19899648427963257,0.0809367224574089,1.037109375,True,False,False
4.281,4.281.H,4.281.N,1,1,0.3447265625,1.1875,0.5853382349014282,0.7662936449050903,-0.8427734375,False,False,False
4.283,4.283.H,4.283.N,1,1,3.4921875,1.43359375,0.9704646468162537,0.8074606657028198,2.05859375,True,False,False
4.287,4.287.H,4.287.N,0,0,-1.8515625,-3.984375,0.13568954169750214,0.018264278769493103,2.1328125,True,False,False
4.288,4.288.H,4.288.N,1,0,1.154296875,-0.466796875,0.7602949142456055,0.38537466526031494,1.62109375,True,False,True
4.290,4.290.H,4.290.N,1,1,0.6640625,1.58984375,0.6601723432540894,0.8305941224098206,-0.92578125,False,False,False
4.296,4.296.H,4.296.N,0,0,-2.96875,-2.578125,0.04885777831077576,0.07055959850549698,-0.390625,False,False,False
4.313,4.313.H,4.313.N,1,0,2.6640625,-2.8359375,0.9348725080490112,0.05541279539465904,5.5,True,False,True
4.318,4.318.H,4.318.N,0,0,-3.3515625,-3.125,0.03384403511881828,0.042087722569704056,-0.2265625,False,False,False
4.319,4.319.H,4.319.N,1,0,2.9765625,-3.40625,0.9515040516853333,0.032100703567266464,6.3828125,True,False,True
4.32,4.32.H,4.32.N,1,0,4.296875,-2.359375,0.9865716695785522,0.08632348477840424,6.65625,True,False,True
4.324,4.324.H,4.324.N,0,0,-1.291015625,-2.37109375,0.21568095684051514,0.08540366590023041,1.080078125,True,False,False
4.326,4.326.H,4.326.N,0,1,-1.84765625,3.359375,0.1361483335494995,0.9664104580879211,-5.20703125,False,False,False
4.327,4.327.H,4.327.N,0,0,-5.046875,-5.21875,0.006388320587575436,0.005384938325732946,0.171875,True,False,False
4.33,4.33.H,4.33.N,0,0,-5.078125,-5.265625,0.006192990578711033,0.005139611195772886,0.1875,True,False,False
4.330,4.330.H,4.330.N,0,0,-3.4296875,-2.578125,0.03138042986392975,0.07055959850549698,-0.8515625,False,False,False
4.336,4.336.H,4.336.N,1,0,2.09375,-0.943359375,0.8902942538261414,0.2802222669124603,3.037109375,True,False,True
4.342,4.342.H,4.342.N,1,0,2.8046875,-5.046875,0.9429286122322083,0.006388320587575436,7.8515625,True,False,True
4.345,4.345.H,4.345.N,1,1,4.65625,0.83203125,0.9905874133110046,0.696784257888794,3.82421875,True,False,False
4.346,4.346.H,4.346.N,1,0,0.9609375,-4.421875,0.7233095169067383,0.011869121342897415,5.3828125,True,False,True
4.348,4.348.H,4.348.N,0,0,-4.3359375,-4.328125,0.012920473702251911,0.013020490296185017,-0.0078125,False,False,False
4.352,4.352.H,4.352.N,0,0,-3.484375,-3.6953125,0.029760094359517097,0.024237636476755142,0.2109375,True,False,False
4.356,4.356.H,4.356.N,0,0,-3.15625,-3.5,0.04084571823477745,0.02931223064661026,0.34375,True,False,False
4.360,4.360.H,4.360.N,1,0,2.8828125,-4.109375,0.9469902515411377,0.01615283451974392,6.9921875,True,False,True
4.362,4.362.H,4.362.N,0,0,-2.0234375,-5.15625,0.11676400899887085,0.005730246193706989,3.1328125,True,False,False
4.363,4.363.H,4.363.N,1,0,3.65625,-5.546875,0.974821150302887,0.0038844766095280647,9.203125,True,False,True
4.367,4.367.H,4.367.N,1,0,2.6328125,-0.31640625,0.9329437017440796,0.42155179381370544,2.94921875,True,False,True
4.370,4.370.H,4.370.N,0,0,-2.71875,-2.703125,0.061875976622104645,0.06278920918703079,-0.015625,False,False,False
4.381,4.381.H,4.381.N,1,1,1.9921875,0.5400390625,0.879974365234375,0.6318215131759644,1.4521484375,True,False,False
4.382,4.382.H,4.382.N,1,0,3.1875,-4.265625,0.9603611826896667,0.013848611153662205,7.453125,True,False,True
4.392,4.392.H,4.392.N,0,0,-0.767578125,-0.818359375,0.3170032501220703,0.30611202120780945,0.05078125,True,False,False
4.397,4.397.H,4.397.N,1,0,3.9296875,-4.328125,0.980728805065155,0.013020490296185017,8.2578125,True,False,True
4.398,4.398.H,4.398.N,1,1,2.5390625,0.857421875,0.9268352389335632,0.7021217346191406,1.681640625,True,False,False
4.400,4.400.H,4.400.N,1,0,3.546875,-6.015625,0.9719924926757812,0.0024343819823116064,9.5625,True,False,True
4.413,4.413.H,4.413.N,0,0,-2.4375,-2.7265625,0.08035746961832047,0.06142403930425644,0.2890625,True,False,False
4.425,4.425.H,4.425.N,1,1,0.21875,1.18359375,0.5544704794883728,0.7655933499336243,-0.96484375,False,False,False
4.428,4.428.H,4.428.N,1,0,2.078125,-2.90625,0.8887588381767273,0.05184546858072281,4.984375,True,False,True
4.433,4.433.H,4.433.N,0,0,-2.3125,-2.0625,0.09009299427270889,0.11279541254043579,-0.25,False,False,False
4.436,4.436.H,4.436.N,0,1,-1.26171875,0.5556640625,0.2206781655550003,0.635448694229126,-1.8173828125,False,False,False
4.442,4.442.H,4.442.N,0,0,-4.984375,-4.8125,0.00679753115400672,0.008061991073191166,-0.171875,False,False,False
4.454,4.454.H,4.454.N,1,0,2.12109375,-3.625,0.8929365277290344,0.02595735900104046,5.74609375,True,False,True
4.457,4.457.H,4.457.N,0,0,-2.7890625,-2.7890625,0.057918086647987366,0.057918086647987366,0.0,False,True,False
4.464,4.464.H,4.464.N,0,1,-0.38207244873046875,0.20166015625,0.40562716126441956,0.550244927406311,-0.5837326049804688,False,False,False
4.474,4.474.H,4.474.N,1,1,3.40625,2.1015625,0.9678993225097656,0.8910549879074097,1.3046875,True,False,False
4.477,4.477.H,4.477.N,0,0,-4.0390625,-1.97265625,0.017309093847870827,0.12210386246442795,-2.06640625,False,False,False
4.480,4.480.H,4.480.N,1,1,0.215576171875,1.13671875,0.553686261177063,0.7570766806602478,-0.921142578125,False,False,False
4.481,4.481.H,4.481.N,0,0,-4.765625,-5.125,0.008445627987384796,0.005911069456487894,0.359375,True,False,False
4.482,4.482.H,4.482.N,1,0,2.59375,-3.1171875,0.9304582476615906,0.04240383207798004,5.7109375,True,False,True
4.485,4.485.H,4.485.N,1,1,3.4140625,1.375,0.9681411385536194,0.7981867790222168,2.0390625,True,False,False
4.489,4.489.H,4.489.N,0,0,-2.046875,-1.74609375,0.11436852067708969,0.14854057133197784,-0.30078125,False,False,False
4.500,4.500.H,4.500.N,0,0,-4.40625,-4.71875,0.0120537793263793,0.008847355842590332,0.3125,True,False,False
4.505,4.505.H,4.505.N,0,0,-0.3623046875,-0.3359375,0.4104017913341522,0.41679662466049194,-0.0263671875,False,False,False
4.508,4.508.H,4.508.N,0,0,-1.12109375,-1.69921875,0.2458084672689438,0.15456733107566833,0.578125,True,False,False
4.51,4.51.H,4.51.N,1,0,0.5400390625,-3.359375,0.6318215131759644,0.03358950465917587,3.8994140625,True,False,True
4.521,4.521.H,4.521.N,0,0,-0.14990234375,-2.90625,0.4625944197177887,0.05184546858072281,2.75634765625,True,False,False
4.528,4.528.H,4.528.N,0,0,-2.484375,-5.328125,0.07696084678173065,0.004829721990972757,2.84375,True,False,False
4.529,4.529.H,4.529.N,1,0,3.25,-3.140625,0.9626730680465698,0.04146226868033409,6.390625,True,False,True
4.531,4.531.H,4.531.N,1,0,4.203125,-2.8515625,0.9852713346481323,0.05460060387849808,7.0546875,True,False,True
4.534,4.534.H,4.534.N,1,0,3.0078125,-4.0078125,0.9529258608818054,0.01784873753786087,7.015625,True,False,True
4.536,4.536.H,4.536.N,0,0,-1.3359375,-2.18359375,0.20817893743515015,0.10123348236083984,0.84765625,True,False,False
4.539,4.539.H,4.539.N,0,0,-2.640625,-4.2890625,0.06656918674707413,0.013532147742807865,1.6484375,True,False,False
4.543,4.543.H,4.543.N,1,1,2.296875,2.3671875,0.9086179733276367,0.914290726184845,-0.0703125,False,False,False
4.544,4.544.H,4.544.N,0,0,-0.2041015625,-4.484375,0.4491509795188904,0.011158030480146408,4.2802734375,True,False,False
4.55,4.55.H,4.55.N,1,0,0.37451171875,-0.21441650390625,0.5925487279891968,0.4466003179550171,0.58892822265625,True,False,True
4.559,4.559.H,4.559.N,0,0,-2.53125,-2.5,0.07369626313447952,0.07585818320512772,-0.03125,False,False,False
4.56,4.56.H,4.56.N,1,1,1.90234375,0.640625,0.8701565861701965,0.6548947095870972,1.26171875,True,False,False
4.562,4.562.H,4.562.N,0,1,-4.3203125,3.328125,0.013121270574629307,0.9653811454772949,-7.6484375,False,False,False
4.564,4.564.H,4.564.N,1,0,3.1875,-4.4375,0.9603611826896667,0.011687257327139378,7.625,True,False,True
4.565,4.565.H,4.565.N,0,0,-0.0517578125,-0.3681640625,0.4870634377002716,0.4089847207069397,0.31640625,True,False,False
4.567,4.567.H,4.567.N,1,0,2.203125,-0.65234375,0.9005298018455505,0.34246155619621277,2.85546875,True,False,True
4.573,4.573.H,4.573.N,1,0,0.98046875,-3.8203125,0.7272012233734131,0.02145073004066944,4.80078125,True,False,True
4.58,4.58.H,4.58.N,0,0,-3.0703125,-3.21875,0.0443485826253891,0.0384661927819252,0.1484375,True,False,False
4.585,4.585.H,4.585.N,0,0,-2.2578125,-2.8984375,0.09467770159244537,0.05223085731267929,0.640625,True,False,False
4.59,4.59.H,4.59.N,1,0,0.853515625,-0.3271484375,0.7013041377067566,0.4189346134662628,1.1806640625,True,False,True
4.594,4.594.H,4.594.N,0,0,-3.8046875,-4.109375,0.02178117260336876,0.01615283451974392,0.3046875,True,False,False
4.595,4.595.H,4.595.N,1,0,3.1484375,-1.1640625,0.9588471055030823,0.23792991042137146,4.3125,True,False,True
4.598,4.598.H,4.598.N,0,0,-1.05078125,-3.296875,0.2590751051902771,0.035678546875715256,2.24609375,True,False,False
4.599,4.599.H,4.599.N,0,0,-0.51416015625,-1.66015625,0.37421879172325134,0.15974101424217224,1.14599609375,True,False,False
4.600,4.600.H,4.600.N,1,0,2.5,-4.421875,0.9241418242454529,0.011869121342897415,6.921875,True,False,True
4.61,4.61.H,4.61.N,1,0,1.9296875,-4.734375,0.873214840888977,0.008711383678019047,6.6640625,True,False,True
4.611,4.611.H,4.611.N,1,0,3.046875,-2.17578125,0.954647421836853,0.10194651782512665,5.22265625,True,False,True
4.615,4.615.H,4.615.N,1,1,1.64453125,0.583984375,0.8381505608558655,0.641983687877655,1.060546875,True,False,False
4.622,4.622.H,4.622.N,1,0,1.29296875,-5.640625,0.7846492528915405,0.0035380860790610313,6.93359375,True,False,True
4.627,4.627.H,4.627.N,1,0,1.89453125,-4.515625,0.8692712783813477,0.010818447917699814,6.41015625,True,False,True
4.63,4.63.H,4.63.N,1,0,0.2744140625,-3.2421875,0.56817626953125,0.03760863095521927,3.5166015625,True,False,True
4.630,4.630.H,4.630.N,0,0,-0.166259765625,-3.59375,0.4585305452346802,0.026759283617138863,3.427490234375,True,False,False
4.633,4.633.H,4.633.N,0,0,-2.625,-3.6953125,0.06754669547080994,0.024237636476755142,1.0703125,True,False,False
4.634,4.634.H,4.634.N,1,0,1.85546875,-3.5703125,0.8647679686546326,0.027376487851142883,5.42578125,True,False,True
4.637,4.637.H,4.637.N,1,0,3.3046875,-3.9921875,0.9645892381668091,0.018124720081686974,7.296875,True,False,True
4.638,4.638.H,4.638.N,0,1,-0.56640625,0.609375,0.36206647753715515,0.6477982401847839,-1.17578125,False,False,False
4.643,4.643.H,4.643.N,1,0,3.8984375,-5.140625,0.9801293015480042,0.005819959565997124,9.0390625,True,False,True
4.644,4.644.H,4.644.N,0,0,-2.9609375,-3.703125,0.04922211542725563,0.024053553119301796,0.7421875,True,False,False
4.645,4.645.H,4.645.N,0,0,-3.21875,-2.84375,0.0384661927819252,0.05500528961420059,-0.375,False,False,False
4.646,4.646.H,4.646.N,1,0,0.38427734375,-2.734375,0.594904363155365,0.06097518280148506,3.11865234375,True,False,True
4.657,4.657.H,4.657.N,1,0,3.4765625,-2.421875,0.9700134992599487,0.08151975274085999,5.8984375,True,False,True
4.663,4.663.H,4.663.N,0,0,-4.0234375,-1.4609375,0.017576880753040314,0.188323974609375,-2.5625,False,False,False
4.664,4.664.H,4.664.N,0,0,-1.37109375,-2.703125,0.2024431824684143,0.06278920918703079,1.33203125,True,False,False
4.667,4.667.H,4.667.N,1,0,1.73046875,-2.3828125,0.8494724035263062,0.0844927579164505,4.11328125,True,False,True
4.67,4.67.H,4.67.N,1,1,3.828125,2.7265625,0.9787126779556274,0.9385759830474854,1.1015625,True,False,False
4.672,4.672.H,4.672.N,1,0,2.3359375,-3.296875,0.9118099808692932,0.035678546875715256,5.6328125,True,False,True
4.678,4.678.H,4.678.N,0,0,-3.265625,-3.5859375,0.03676946461200714,0.026963500306010246,0.3203125,True,False,False
4.695,4.695.H,4.695.N,1,0,2.828125,-3.1796875,0.9441768527030945,0.03993731737136841,6.0078125,True,False,True
4.696,4.696.H,4.696.N,1,1,0.14593505859375,0.5078125,0.5364192128181458,0.6242935061454773,-0.36187744140625,False,False,False
4.698,4.698.H,4.698.N,1,0,2.3984375,-2.0234375,0.9167081117630005,0.11676400899887085,4.421875,True,False,True
4.708,4.708.H,4.708.N,0,0,-4.65625,-5.09375,0.009412589482963085,0.006097561679780483,0.4375,True,False,False
4.71,4.71.H,4.71.N,1,0,0.34521484375,-1.5625,0.5854567289352417,0.17328819632530212,1.90771484375,True,False,True
4.724,4.724.H,4.724.N,0,0,-4.921875,-5.296875,0.007232763804495335,0.004982269834727049,0.375,True,False,False
4.728,4.728.H,4.728.N,0,0,-3.53125,-4.1875,0.02843603305518627,0.014957087114453316,0.65625,True,False,False
4.733,4.733.H,4.733.N,1,1,2.8984375,0.6162109375,0.9477691650390625,0.6493563055992126,2.2822265625,True,False,False
4.739,4.739.H,4.739.N,0,0,-2.23046875,-3.21875,0.09704755991697311,0.0384661927819252,0.98828125,True,False,False
4.740,4.740.H,4.740.N,1,1,3.21875,1.0859375,0.961533784866333,0.7476159334182739,2.1328125,True,False,False
4.741,4.741.H,4.741.N,1,1,3.625,3.296875,0.9740425944328308,0.9643214344978333,0.328125,True,False,False
4.742,4.742.H,4.742.N,1,0,1.1171875,-2.8671875,0.7534666657447815,0.05379964038729668,3.984375,True,False,True
4.744,4.744.H,4.744.N,1,1,3.40625,3.4296875,0.9678993225097656,0.9686195850372314,-0.0234375,False,False,False
4.751,4.751.H,4.751.N,1,0,2.7421875,-1.7421875,0.9394705891609192,0.14903530478477478,4.484375,True,False,True
4.753,4.753.H,4.753.N,1,0,0.46875,-2.3046875,0.6150878667831421,0.09073549509048462,2.7734375,True,False,True
4.83,4.83.H,4.83.N,1,0,2.9921875,-2.8828125,0.9522199034690857,0.0530097670853138,5.875,True,False,True
4.90,4.90.H,4.90.N,0,0,-3.5703125,-0.830078125,0.027376487851142883,0.303628534078598,-2.740234375,False,False,False
4.95,4.95.H,4.95.N,0,0,-3.9453125,-4.09375,0.01897803694009781,0.01640303246676922,0.1484375,True,False,False
4.96,4.96.H,4.96.N,1,0,4.125,-3.8984375,0.9840936064720154,0.019870713353157043,8.0234375,True,False,True
4.98,4.98.H,4.98.N,1,0,2.9765625,-4.15625,0.9515040516853333,0.01542455144226551,7.1328125,True,False,True
5.1,5.1.H,5.1.N,0,0,-2.1484375,-3.2421875,0.10447732359170914,0.03760863095521927,1.09375,True,False,False
5.100,5.100.H,5.100.N,1,0,1.041015625,-5.234375,0.7390459179878235,0.005301895085722208,6.275390625,True,False,True
5.1000,5.1000.H,5.1000.N,1,0,0.31591796875,-5.171875,0.5783290863037109,0.005641908850520849,5.48779296875,True,False,True
5.1001,5.1001.H,5.1001.N,1,0,1.4296875,-4.875,0.8068526387214661,0.0075772409327328205,6.3046875,True,False,True
5.1009,5.1009.H,5.1009.N,0,0,-4.90625,-4.5,0.007345826365053654,0.010986942797899246,-0.40625,False,False,False
5.1025,5.1025.H,5.1025.N,0,0,-0.9921875,-4.515625,0.2704802453517914,0.010818447917699814,3.5234375,True,False,False
5.104,5.104.H,5.104.N,0,0,-3.625,-4.4375,0.02595735900104046,0.011687257327139378,0.8125,True,False,False
5.1043,5.1043.H,5.1043.N,1,0,4.203125,-0.990234375,0.9852713346481323,0.270865797996521,5.193359375,True,False,True
5.1046,5.1046.H,5.1046.N,0,0,-0.9384765625,-4.796875,0.2812081575393677,0.008187910541892052,3.8583984375,True,False,False
5.1049,5.1049.H,5.1049.N,1,0,2.6015625,-2.8046875,0.930962085723877,0.05707139894366264,5.40625,True,False,True
5.1050,5.1050.H,5.1050.N,0,0,-4.421875,-3.6328125,0.011869121342897415,0.025760559365153313,-0.7890625,False,False,False
5.1056,5.1056.H,5.1056.N,1,0,4.1484375,-4.828125,0.9844563603401184,0.007937993854284286,8.9765625,True,False,True
5.1059,5.1059.H,5.1059.N,1,1,0.052734375,0.84375,0.5131805539131165,0.6992544531822205,-0.791015625,False,False,False
5.1061,5.1061.H,5.1061.N,1,0,2.2890625,-0.90234375,0.907967209815979,0.2885690927505493,3.19140625,True,False,True
5.1073,5.1073.H,5.1073.N,0,0,-1.7734375,-1.62890625,0.14511536061763763,0.16398024559020996,-0.14453125,False,False,False
5.1088,5.1088.H,5.1088.N,1,0,1.8828125,-4.3984375,0.8679338097572327,0.012147169560194016,6.28125,True,False,True
5.1093,5.1093.H,5.1093.N,1,0,3.265625,-4.953125,0.963230550289154,0.007011794485151768,8.21875,True,False,True
5.1098,5.1098.H,5.1098.N,1,0,3.3671875,-4.890625,0.966663122177124,0.007460643071681261,8.2578125,True,False,True
5.1107,5.1107.H,5.1107.N,0,0,-3.78125,-3.75,0.0222861859947443,0.022977368906140327,-0.03125,False,False,False
5.1109,5.1109.H,5.1109.N,1,0,4.203125,-4.125,0.9852713346481323,0.01590639166533947,8.328125,True,False,True
5.1116,5.1116.H,5.1116.N,1,0,1.46484375,-4.765625,0.8122723698616028,0.008445627987384796,6.23046875,True,False,True
5.1158,5.1158.H,5.1158.N,1,0,3.0,-4.90625,0.9525741338729858,0.007345826365053654,7.90625,True,False,True
5.1162,5.1162.H,5.1162.N,0,0,-4.203125,-4.796875,0.014728614129126072,0.008187910541892052,0.59375,True,False,False
5.117,5.117.H,5.117.N,1,0,2.7890625,-4.828125,0.942081868648529,0.007937993854284286,7.6171875,True,False,True
5.1182,5.1182.H,5.1182.N,1,0,4.1015625,-1.63671875,0.9837225079536438,0.1629120260477066,5.73828125,True,False,True
5.1205,5.1205.H,5.1205.N,0,0,-0.5048828125,-3.8125,0.3763938844203949,0.02161533571779728,3.3076171875,True,False,False
5.122,5.122.H,5.122.N,1,0,2.9453125,-4.0625,0.9500414729118347,0.016914913430809975,7.0078125,True,False,True
5.1220,5.1220.H,5.1220.N,1,0,3.34375,-2.984375,0.9658995866775513,0.048136770725250244,6.328125,True,False,True
5.1221,5.1221.H,5.1221.N,1,0,2.5078125,-5.078125,0.9246877431869507,0.006192990578711033,7.5859375,True,False,True
5.1222,5.1222.H,5.1222.N,0,0,-5.515625,-5.734375,0.004007289186120033,0.0032224839087575674,0.21875,True,False,False
5.1223,5.1223.H,5.1223.N,1,0,2.8359375,-4.265625,0.944587230682373,0.013848611153662205,7.1015625,True,False,True
5.1237,5.1237.H,5.1237.N,1,0,3.484375,-3.859375,0.9702399373054504,0.020645931363105774,7.34375,True,False,True
5.1238,5.1238.H,5.1238.N,1,0,3.9609375,-4.78125,0.9813107252120972,0.008315778337419033,8.7421875,True,False,True
5.1249,5.1249.H,5.1249.N,1,0,2.2109375,-4.15625,0.9012274742126465,0.01542455144226551,6.3671875,True,False,True
5.1279,5.1279.H,5.1279.N,0,0,-3.3046875,-3.828125,0.03541072830557823,0.021287353709340096,0.5234375,True,False,False
5.1282,5.1282.H,5.1282.N,0,0,-3.9140625,-2.8515625,0.01956867426633835,0.05460060387849808,-1.0625,False,False,False
5.1286,5.1286.H,5.1286.N,0,0,-4.625,-2.00390625,0.009708477184176445,0.11879339814186096,-2.62109375,False,False,False
5.1288,5.1288.H,5.1288.N,1,0,4.0703125,-5.609375,0.9832144975662231,0.003649987280368805,9.6796875,True,False,True
5.129,5.129.H,5.129.N,0,0,-0.1533203125,-4.484375,0.46174484491348267,0.011158030480146408,4.3310546875,True,False,False
5.1297,5.1297.H,5.1297.N,1,1,3.578125,0.0556640625,0.9728307723999023,0.5139124393463135,3.5224609375,True,False,False
5.1303,5.1303.H,5.1303.N,1,1,2.15234375,0.982421875,0.8958876132965088,0.7275885343551636,1.169921875,True,False,False
5.1311,5.1311.H,5.1311.N,1,0,2.8984375,-5.421875,0.9477691650390625,0.004399412777274847,8.3203125,True,False,True
5.1314,5.1314.H,5.1314.N,0,1,-1.73828125,1.00390625,0.14953136444091797,0.7318258881568909,-2.7421875,False,False,False
5.1317,5.1317.H,5.1317.N,1,0,1.0390625,-5.171875,0.7386690378189087,0.005641908850520849,6.2109375,True,False,True
5.1332,5.1332.H,5.1332.N,0,0,-2.6328125,-1.859375,0.06705627590417862,0.13477592170238495,-0.7734375,False,False,False
5.1335,5.1335.H,5.1335.N,1,1,0.401611328125,2.3828125,0.5990747213363647,0.9155072569847107,-1.981201171875,False,False,False
5.1343,5.1343.H,5.1343.N,1,0,4.1875,-0.6650390625,0.985042929649353,0.3396085798740387,4.8525390625,True,False,True
5.1344,5.1344.H,5.1344.N,1,0,1.640625,-3.09375,0.837619960308075,0.043365802615880966,4.734375,True,False,True
5.1352,5.1352.H,5.1352.N,1,0,0.8984375,-3.296875,0.7106282711029053,0.035678546875715256,4.1953125,True,False,True
5.1358,5.1358.H,5.1358.N,0,0,-2.234375,-3.421875,0.09670579433441162,0.031618766486644745,1.1875,True,False,False
5.1360,5.1360.H,5.1360.N,0,0,-2.34375,-2.921875,0.08756384253501892,0.051082734018564224,0.578125,True,False,False
5.1361,5.1361.H,5.1361.N,1,0,3.6015625,-4.2734375,0.9734434485435486,0.013742320239543915,7.875,True,False,True
5.137,5.137.H,5.137.N,1,0,0.3671875,-3.484375,0.590779185295105,0.029760094359517097,3.8515625,True,False,True
5.1370,5.1370.H,5.1370.N,0,0,-4.296875,-5.046875,0.013428254052996635,0.006388320587575436,0.75,True,False,False
5.1378,5.1378.H,5.1378.N,0,0,-1.23828125,-2.0625,0.2247353047132492,0.11279541254043579,0.82421875,True,False,False
5.1381,5.1381.H,5.1381.N,0,0,-1.29296875,-3.484375,0.21535073220729828,0.029760094359517097,2.19140625,True,False,False
5.1387,5.1387.H,5.1387.N,1,0,1.6015625,-4.984375,0.8322367072105408,0.00679753115400672,6.5859375,True,False,True
5.1393,5.1393.H,5.1393.N,1,1,3.359375,3.625,0.9664104580879211,0.9740425944328308,-0.265625,False,False,False
5.1398,5.1398.H,5.1398.N,0,1,-4.96875,0.17132568359375,0.006903838366270065,0.5427269339561462,-5.14007568359375,False,False,False
5.1403,5.1403.H,5.1403.N,1,1,2.40625,2.6015625,0.917302668094635,0.930962085723877,-0.1953125,False,False,False
5.1444,5.1444.H,5.1444.N,1,0,2.8828125,-3.546875,0.9469902515411377,0.028007520362734795,6.4296875,True,False,True
5.1449,5.1449.H,5.1449.N,1,0,2.9609375,-1.515625,0.9507778882980347,0.18010665476322174,4.4765625,True,False,True
5.147,5.147.H,5.147.N,0,0,-2.6015625,-4.171875,0.06903792172670364,0.015189048834145069,1.5703125,True,False,False
5.1475,5.1475.H,5.1475.N,1,0,0.24853515625,-0.23681640625,0.5618159174919128,0.4410710036754608,0.4853515625,True,False,True
5.148,5.148.H,5.148.N,0,0,-4.2265625,-5.46875,0.014392335899174213,0.004198794718831778,1.2421875,True,False,False
5.1486,5.1486.H,5.1486.N,0,0,-4.671875,-4.65625,0.009268013760447502,0.009412589482963085,-0.015625,False,False,False
5.1492,5.1492.H,5.1492.N,1,0,3.203125,-4.0859375,0.9609517455101013,0.01652955822646618,7.2890625,True,False,True
5.150,5.150.H,5.150.N,1,0,2.09765625,-4.2265625,0.8906751871109009,0.014392335899174213,6.32421875,True,False,True
5.1503,5.1503.H,5.1503.N,1,0,3.8828125,-5.0625,0.9798226952552795,0.006289901677519083,8.9453125,True,False,True
5.152,5.152.H,5.152.N,0,0,-3.046875,-4.46875,0.04535257816314697,0.011331753805279732,1.421875,True,False,False
5.1524,5.1524.H,5.1524.N,1,1,3.1171875,3.1640625,0.9575962424278259,0.9594592452049255,-0.046875,False,False,False
5.153,5.153.H,5.153.N,1,1,2.4453125,0.318115234375,0.9202179908752441,0.5788648128509521,2.127197265625,True,False,False
5.1545,5.1545.H,5.1545.N,1,1,3.21875,3.21875,0.961533784866333,0.961533784866333,0.0,False,True,False
5.1549,5.1549.H,5.1549.N,0,0,-0.8125,-4.75,0.3073580265045166,0.008577484637498856,3.9375,True,False,False
5.1554,5.1554.H,5.1554.N,0,0,-0.6689453125,-2.890625,0.33873307704925537,0.052618950605392456,2.2216796875,True,False,False
5.1570,5.1570.H,5.1570.N,1,0,3.4140625,-4.984375,0.9681411385536194,0.00679753115400672,8.3984375,True,False,True
5.1591,5.1591.H,5.1591.N,1,0,1.60546875,-5.078125,0.8327813148498535,0.006192990578711033,6.68359375,True,False,True
5.1593,5.1593.H,5.1593.N,0,0,-2.8984375,-3.5546875,0.05223085731267929,0.027795622125267982,0.65625,True,False,False
5.1595,5.1595.H,5.1595.N,1,0,3.4921875,-3.375,0.9704646468162537,0.033085983246564865,6.8671875,True,False,True
5.1599,5.1599.H,5.1599.N,1,1,0.705078125,1.056640625,0.6693126559257507,0.7420480251312256,-0.3515625,False,False,False
5.16,5.16.H,5.16.N,0,0,-2.10546875,-4.4375,0.10856641829013824,0.011687257327139378,2.33203125,True,False,False
5.1601,5.1601.H,5.1601.N,1,0,1.578125,-3.171875,0.8289388418197632,0.04023794084787369,4.75,True,False,True
5.1602,5.1602.H,5.1602.N,0,0,-4.296875,-4.109375,0.013428254052996635,0.01615283451974392,-0.1875,False,False,False
5.1613,5.1613.H,5.1613.N,1,0,3.0546875,-0.599609375,0.9549844264984131,0.3544330894947052,3.654296875,True,False,True
5.1616,5.1616.H,5.1616.N,1,0,2.5078125,-3.0,0.9246877431869507,0.04742587357759476,5.5078125,True,False,True
5.1620,5.1620.H,5.1620.N,0,0,-4.3125,-5.046875,0.013222822919487953,0.006388320587575436,0.734375,True,False,False
5.1627,5.1627.H,5.1627.N,0,0,-4.71875,-4.890625,0.008847355842590332,0.007460643071681261,0.171875,True,False,False
5.1641,5.1641.H,5.1641.N,1,0,3.703125,-4.25,0.9759464263916016,0.014063626527786255,7.953125,True,False,True
5.167,5.167.H,5.167.N,1,0,1.24609375,-2.953125,0.7766229510307312,0.04958902299404144,4.19921875,True,False,True
5.1673,5.1673.H,5.1673.N,0,0,-4.734375,-6.078125,0.008711383678019047,0.0022872271947562695,1.34375,True,False,False
5.1684,5.1684.H,5.1684.N,1,1,3.734375,0.732421875,0.976669192314148,0.675336480140686,3.001953125,True,False,False
5.169,5.169.H,5.169.N,1,0,4.40625,-5.53125,0.9879462122917175,0.003945406526327133,9.9375,True,False,True
5.1690,5.1690.H,5.1690.N,0,1,-1.80078125,1.8203125,0.14175598323345184,0.8606036305427551,-3.62109375,False,False,False
5.1714,5.1714.H,5.1714.N,0,0,-1.23828125,-3.28125,0.2247353047132492,0.03622005507349968,2.04296875,True,False,False
5.1736,5.1736.H,5.1736.N,0,0,-2.6171875,-4.78125,0.06804041564464569,0.008315778337419033,2.1640625,True,False,False
5.1766,5.1766.H,5.1766.N,1,0,2.671875,-2.6171875,0.9353464841842651,0.06804041564464569,5.2890625,True,False,True
5.177,5.177.H,5.177.N,1,0,2.828125,-5.0625,0.9441768527030945,0.006289901677519083,7.890625,True,False,True
5.1772,5.1772.H,5.1772.N,1,0,3.625,-4.3125,0.9740425944328308,0.013222822919487953,7.9375,True,False,True
5.1777,5.1777.H,5.1777.N,1,1,2.01171875,4.3125,0.8820220232009888,0.9867772459983826,-2.30078125,False,False,False
5.1782,5.1782.H,5.1782.N,1,0,3.59375,-3.765625,0.9732407331466675,0.02262919954955578,7.359375,True,False,True
5.1783,5.1783.H,5.1783.N,1,0,4.65625,-0.5927734375,0.9905874133110046,0.35599878430366516,5.2490234375,True,False,True
5.1791,5.1791.H,5.1791.N,1,0,3.7265625,-2.640625,0.9764904975891113,0.06656918674707413,6.3671875,True,False,True
5.1802,5.1802.H,5.1802.N,1,0,3.703125,-4.53125,0.9759464263916016,0.01065251138061285,8.234375,True,False,True
5.1807,5.1807.H,5.1807.N,0,0,-5.171875,-5.390625,0.005641908850520849,0.0045384312979876995,0.21875,True,False,False
5.1832,5.1832.H,5.1832.N,1,1,1.25390625,0.6142578125,0.7779752612113953,0.6489114165306091,0.6396484375,True,False,False
5.1837,5.1837.H,5.1837.N,1,0,3.9296875,-3.7421875,0.980728805065155,0.023153413087129593,7.671875,True,False,True
5.184,5.184.H,5.184.N,1,0,3.46875,-5.703125,0.9697853922843933,0.003324436955153942,9.171875,True,False,True
5.1849,5.1849.H,5.1849.N,1,1,2.00390625,0.689453125,0.8812065720558167,0.6658452749252319,1.314453125,True,False,False
5.1858,5.1858.H,5.1858.N,1,1,0.21875,0.29248046875,0.5544704794883728,0.5726032853126526,-0.07373046875,False,False,False
5.1861,5.1861.H,5.1861.N,0,0,-0.84375,-4.984375,0.30074557662010193,0.00679753115400672,4.140625,True,False,False
5.1869,5.1869.H,5.1869.N,1,0,2.0078125,-4.96875,0.8816148638725281,0.006903838366270065,6.9765625,True,False,True
5.1870,5.1870.H,5.1870.N,1,0,1.1875,-2.765625,0.7662936449050903,0.05921025201678276,3.953125,True,False,True
5.1872,5.1872.H,5.1872.N,1,0,3.2578125,-0.4462890625,0.9629528522491455,0.39024344086647034,3.7041015625,True,False,True
5.1912,5.1912.H,5.1912.N,1,0,2.9453125,-0.91015625,0.9500414729118347,0.2869678735733032,3.85546875,True,False,True
5.1971,5.1971.H,5.1971.N,1,0,3.1640625,-5.390625,0.9594592452049255,0.0045384312979876995,8.5546875,True,False,True
5.1972,5.1972.H,5.1972.N,1,0,3.4453125,-4.84375,0.9690910577774048,0.007815888151526451,8.2890625,True,False,True
5.1974,5.1974.H,5.1974.N,1,0,3.03125,-4.484375,0.9539660811424255,0.011158030480146408,7.515625,True,False,True
5.1980,5.1980.H,5.1980.N,0,0,-3.2109375,-4.921875,0.03875619173049927,0.007232763804495335,1.7109375,True,False,False
5.1981,5.1981.H,5.1981.N,1,0,3.6171875,-5.3125,0.9738444089889526,0.0049054063856601715,8.9296875,True,False,True
5.1982,5.1982.H,5.1982.N,0,0,-2.203125,-4.6875,0.09947022050619125,0.00912563782185316,2.484375,True,False,False
5.1998,5.1998.H,5.1998.N,1,0,4.5625,-4.84375,0.9896718263626099,0.007815888151526451,9.40625,True,False,True
5.2009,5.2009.H,5.2009.N,1,0,1.166015625,-4.96875,0.7624240517616272,0.006903838366270065,6.134765625,True,False,True
5.2012,5.2012.H,5.2012.N,1,0,1.859375,-5.53125,0.8652240633964539,0.003945406526327133,7.390625,True,False,True
5.2014,5.2014.H,5.2014.N,0,0,-2.2578125,-4.875,0.09467770159244537,0.0075772409327328205,2.6171875,True,False,False
5.2016,5.2016.H,5.2016.N,1,1,3.2578125,3.140625,0.9629528522491455,0.9585376977920532,0.1171875,True,False,False
5.202,5.202.H,5.202.N,1,1,1.0390625,1.3828125,0.7386690378189087,0.7994423508644104,-0.34375,False,False,False
5.2046,5.2046.H,5.2046.N,1,1,1.48828125,1.1015625,0.8158201575279236,0.7505527138710022,0.38671875,True,False,False
5.2047,5.2047.H,5.2047.N,1,0,2.828125,-4.9375,0.9441768527030945,0.007121428847312927,7.765625,True,False,True
5.2056,5.2056.H,5.2056.N,1,1,4.0390625,1.88671875,0.9826908707618713,0.8683809638023376,2.15234375,True,False,False
5.2059,5.2059.H,5.2059.N,1,1,3.09375,3.1171875,0.9566342234611511,0.9575962424278259,-0.0234375,False,False,False
5.2060,5.2060.H,5.2060.N,1,0,3.5859375,-2.6640625,0.973036527633667,0.06512755155563354,6.25,True,False,True
5.2069,5.2069.H,5.2069.N,1,1,2.4375,0.845703125,0.9196425676345825,0.6996649503707886,1.591796875,True,False,False
5.2074,5.2074.H,5.2074.N,1,1,3.0,2.59375,0.9525741338729858,0.9304582476615906,0.40625,True,False,False
5.2083,5.2083.H,5.2083.N,1,0,0.084716796875,-3.7109375,0.5211665630340576,0.023870833218097687,3.795654296875,True,False,True
5.2099,5.2099.H,5.2099.N,1,0,3.3984375,-4.453125,0.9676556587219238,0.011508149094879627,7.8515625,True,False,True
5.211,5.211.H,5.211.N,1,1,1.27734375,2.5,0.7819972634315491,0.9241418242454529,-1.22265625,False,False,False
5.2113,5.2113.H,5.2113.N,1,0,3.1171875,-4.765625,0.9575962424278259,0.008445627987384796,7.8828125,True,False,True
5.2141,5.2141.H,5.2141.N,0,0,-1.8828125,-4.875,0.13206616044044495,0.0075772409327328205,2.9921875,True,False,False
5.2142,5.2142.H,5.2142.N,1,1,0.353515625,2.6953125,0.5874698758125305,0.9367494583129883,-2.341796875,False,False,False
5.2155,5.2155.H,5.2155.N,1,1,3.78125,3.875,0.9777138829231262,0.9796676635742188,-0.09375,False,False,False
5.2166,5.2166.H,5.2166.N,1,0,3.34375,-3.4453125,0.9658995866775513,0.03090895712375641,6.7890625,True,False,True
5.217,5.217.H,5.217.N,0,0,-4.1875,-3.3203125,0.014957087114453316,0.03488088771700859,-0.8671875,False,False,False
5.2189,5.2189.H,5.2189.N,1,0,2.5078125,-5.59375,0.9246877431869507,0.003707252675667405,8.1015625,True,False,True
5.2196,5.2196.H,5.2196.N,0,0,-3.9296875,-5.265625,0.019271135330200195,0.005139611195772886,1.3359375,True,False,False
5.2197,5.2197.H,5.2197.N,1,0,3.765625,-0.78125,0.9773707389831543,0.314050555229187,4.546875,True,False,True
5.2210,5.2210.H,5.2210.N,1,0,2.890625,-4.59375,0.9473810195922852,0.010013570077717304,7.484375,True,False,True
5.2216,5.2216.H,5.2216.N,1,0,4.0625,-3.078125,0.9830850958824158,0.04401864856481552,7.140625,True,False,True
5.2217,5.2217.H,5.2217.N,0,0,-2.01171875,-4.34375,0.11797800660133362,0.012821213342249393,2.33203125,True,False,False
5.2225,5.2225.H,5.2225.N,1,0,2.9609375,-2.625,0.9507778882980347,0.06754669547080994,5.5859375,True,False,True
5.2226,5.2226.H,5.2226.N,1,0,2.28125,-1.36328125,0.907312273979187,0.2037075310945511,3.64453125,True,False,True
5.2238,5.2238.H,5.2238.N,1,0,0.53759765625,-4.3125,0.6312534213066101,0.013222822919487953,4.85009765625,True,False,True
5.2259,5.2259.H,5.2259.N,0,1,-0.638671875,0.96875,0.34554681181907654,0.7248703241348267,-1.607421875,False,False,False
5.2269,5.2269.H,5.2269.N,1,0,3.8515625,-4.59375,0.9791954755783081,0.010013570077717304,8.4453125,True,False,True
5.2294,5.2294.H,5.2294.N,1,0,4.265625,-4.484375,0.986151397228241,0.011158030480146408,8.75,True,False,True
5.230,5.230.H,5.230.N,0,0,-1.7890625,-5.0625,0.14318770170211792,0.006289901677519083,3.2734375,True,False,False
5.2300,5.2300.H,5.2300.N,1,1,2.96875,0.654296875,0.9511421918869019,0.6579781174659729,2.314453125,True,False,False
5.2312,5.2312.H,5.2312.N,1,0,3.234375,-4.1953125,0.9621075391769409,0.01484241709113121,7.4296875,True,False,True
5.232,5.232.H,5.232.N,1,0,3.4296875,-4.65625,0.9686195850372314,0.009412589482963085,8.0859375,True,False,True
5.2323,5.2323.H,5.2323.N,1,1,0.3837890625,3.2890625,0.5947866439819336,0.9640516638755798,-2.9052734375,False,False,False
5.2325,5.2325.H,5.2325.N,0,0,-3.609375,-3.296875,0.026355354115366936,0.035678546875715256,-0.3125,False,False,False
5.2343,5.2343.H,5.2343.N,1,0,3.625,-5.75,0.9740425944328308,0.0031726828310638666,9.375,True,False,True
5.2351,5.2351.H,5.2351.N,1,1,3.4609375,0.30908203125,0.9695556163787842,0.5766611695289612,3.15185546875,True,False,False
5.2362,5.2362.H,5.2362.N,1,1,2.9453125,0.195556640625,0.9500414729118347,0.5487339496612549,2.749755859375,True,False,False
5.2366,5.2366.H,5.2366.N,1,0,3.9453125,-5.34375,0.9810219407081604,0.004755199886858463,9.2890625,True,False,True
5.2368,5.2368.H,5.2368.N,0,0,-2.5,-4.46875,0.07585818320512772,0.011331753805279732,1.96875,True,False,False
5.2373,5.2373.H,5.2373.N,0,0,-1.87890625,-2.359375,0.1325145661830902,0.08632348477840424,0.48046875,True,False,False
5.2385,5.2385.H,5.2385.N,0,0,-2.07421875,-2.109375,0.11162799596786499,0.10818895697593689,0.03515625,True,False,False
5.239,5.239.H,5.239.N,1,0,0.099853515625,-4.375,0.5249426960945129,0.012431650422513485,4.474853515625,True,False,True
5.2393,5.2393.H,5.2393.N,1,1,3.0078125,3.2421875,0.9529258608818054,0.9623913168907166,-0.234375,False,False,False
5.240,5.240.H,5.240.N,0,0,-3.140625,-5.015625,0.04146226868033409,0.006589770782738924,1.875,True,False,False
5.2410,5.2410.H,5.2410.N,0,0,-1.30078125,-1.82421875,0.2140335589647293,0.13892842829227448,0.5234375,True,False,False
5.2412,5.2412.H,5.2412.N,1,0,0.5888671875,-2.4921875,0.643105149269104,0.07640768587589264,3.0810546875,True,False,True
5.2415,5.2415.H,5.2415.N,1,1,2.609375,3.078125,0.9314625263214111,0.9559813141822815,-0.46875,False,False,False
5.2422,5.2422.H,5.2422.N,1,1,2.4609375,1.8203125,0.9213575720787048,0.8606036305427551,0.640625,True,False,False
5.2435,5.2435.H,5.2435.N,0,0,-0.615234375,-3.9375,0.3508661091327667,0.01912403479218483,3.322265625,True,False,False
5.2446,5.2446.H,5.2446.N,1,0,0.5615234375,-4.5,0.6368049383163452,0.010986942797899246,5.0615234375,True,False,True
5.2458,5.2458.H,5.2458.N,1,1,1.15234375,2.03515625,0.7599387168884277,0.8844391107559204,-0.8828125,False,False,False
5.2468,5.2468.H,5.2468.N,1,1,3.25,2.6953125,0.9626730680465698,0.9367494583129883,0.5546875,True,False,False
5.248,5.248.H,5.248.N,1,1,4.078125,3.734375,0.9833430051803589,0.976669192314148,0.34375,True,False,False
5.2488,5.2488.H,5.2488.N,1,0,3.9375,-4.484375,0.9808759689331055,0.011158030480146408,8.421875,True,False,True
5.2496,5.2496.H,5.2496.N,0,0,-4.640625,-4.9375,0.00955939944833517,0.007121428847312927,0.296875,True,False,False
5.250,5.250.H,5.250.N,1,0,3.0703125,-4.609375,0.9556514620780945,0.00985985528677702,7.6796875,True,False,True
5.2506,5.2506.H,5.2506.N,1,0,1.8984375,-3.6328125,0.869714617729187,0.025760559365153313,5.53125,True,False,True
5.2507,5.2507.H,5.2507.N,0,0,-4.375,-3.6953125,0.012431650422513485,0.024237636476755142,-0.6796875,False,False,False
5.2511,5.2511.H,5.2511.N,1,0,1.39453125,-1.232421875,0.801314651966095,0.22575780749320984,2.626953125,True,False,True
5.2538,5.2538.H,5.2538.N,1,0,2.796875,-5.375,0.9425067901611328,0.004609572235494852,8.171875,True,False,True
5.2559,5.2559.H,5.2559.N,1,0,1.63671875,-4.953125,0.8370879292488098,0.007011794485151768,6.58984375,True,False,True
5.2567,5.2567.H,5.2567.N,1,0,3.9453125,-2.953125,0.9810219407081604,0.04958902299404144,6.8984375,True,False,True
5.2578,5.2578.H,5.2578.N,1,0,3.2265625,-4.984375,0.9618217349052429,0.00679753115400672,8.2109375,True,False,True
5.2594,5.2594.H,5.2594.N,1,0,3.0078125,-3.1484375,0.9529258608818054,0.041152890771627426,6.15625,True,False,True
5.2595,5.2595.H,5.2595.N,1,0,3.0,-6.015625,0.9525741338729858,0.0024343819823116064,9.015625,True,False,True
5.2597,5.2597.H,5.2597.N,0,0,-0.8720703125,-3.1953125,0.29482367634773254,0.039342500269412994,2.3232421875,True,False,False
5.26,5.26.H,5.26.N,1,0,3.0859375,-2.6328125,0.956308901309967,0.06705627590417862,5.71875,True,False,True
5.2603,5.2603.H,5.2603.N,1,0,4.203125,-5.28125,0.9852713346481323,0.005060331895947456,9.484375,True,False,True
5.2609,5.2609.H,5.2609.N,1,0,3.375,-3.953125,0.9669140577316284,0.018833130598068237,7.328125,True,False,True
5.261,5.261.H,5.261.N,0,0,-0.1005859375,-5.1875,0.47487467527389526,0.005554925184696913,5.0869140625,True,False,False
5.2616,5.2616.H,5.2616.N,1,0,3.765625,-5.140625,0.9773707389831543,0.005819959565997124,8.90625,True,False,True
5.263,5.263.H,5.263.N,0,0,-2.234375,-4.15625,0.09670579433441162,0.01542455144226551,1.921875,True,False,False
5.2643,5.2643.H,5.2643.N,1,0,3.1875,-5.359375,0.9603611826896667,0.004681822378188372,8.546875,True,False,True
5.2647,5.2647.H,5.2647.N,0,0,-0.10245513916015625,-5.109375,0.4744085967540741,0.006003595422953367,5.006919860839844,True,False,False
5.266,5.266.H,5.266.N,0,0,-4.40625,-2.9609375,0.0120537793263793,0.04922211542725563,-1.4453125,False,False,False
5.2665,5.2665.H,5.2665.N,1,0,0.5458984375,-5.8125,0.6331834197044373,0.002981032943353057,6.3583984375,True,False,True
5.2675,5.2675.H,5.2675.N,1,0,2.5,-4.390625,0.9241418242454529,0.012241274118423462,6.890625,True,False,True
5.2679,5.2679.H,5.2679.N,1,0,2.02734375,-5.09375,0.8836382627487183,0.006097561679780483,7.12109375,True,False,True
5.2687,5.2687.H,5.2687.N,0,0,-0.931640625,-2.19921875,0.28259196877479553,0.09982066601514816,1.267578125,True,False,False
5.2689,5.2689.H,5.2689.N,1,0,1.5703125,-2.3359375,0.8278281688690186,0.08819004893302917,3.90625,True,False,True
5.2693,5.2693.H,5.2693.N,0,0,-3.9765625,-2.9140625,0.018404891714453697,0.05146276578307152,-1.0625,False,False,False
5.2743,5.2743.H,5.2743.N,1,1,4.3125,2.984375,0.9867772459983826,0.9518632292747498,1.328125,True,False,False
5.2751,5.2751.H,5.2751.N,1,0,2.3671875,-3.6484375,0.914290726184845,0.025371311232447624,6.015625,True,False,True
5.2760,5.2760.H,5.2760.N,0,0,-3.4453125,-4.640625,0.03090895712375641,0.00955939944833517,1.1953125,True,False,False
5.2778,5.2778.H,5.2778.N,1,0,2.765625,-2.671875,0.9407896995544434,0.06465348601341248,5.4375,True,False,True
5.2779,5.2779.H,5.2779.N,1,0,2.125,-0.8828125,0.8933094143867493,0.2925952970981598,3.0078125,True,False,True
5.2789,5.2789.H,5.2789.N,1,0,1.59765625,-2.10546875,0.8316905498504639,0.10856641829013824,3.703125,True,False,True
5.28,5.28.H,5.28.N,0,0,-2.78125,-5.46875,0.05834583938121796,0.004198794718831778,2.6875,True,False,False
5.2813,5.2813.H,5.2813.N,1,0,1.45703125,-4.59375,0.8110781908035278,0.010013570077717304,6.05078125,True,False,True
5.2820,5.2820.H,5.2820.N,1,0,2.984375,-5.65625,0.9518632292747498,0.0034834244288504124,8.640625,True,False,True
5.2824,5.2824.H,5.2824.N,0,0,-0.091796875,-3.5546875,0.47706687450408936,0.027795622125267982,3.462890625,True,False,False
5.283,5.283.H,5.283.N,0,0,-0.559814453125,-3.2890625,0.36359038949012756,0.03594832122325897,2.729248046875,True,False,False
5.2845,5.2845.H,5.2845.N,0,0,-3.53125,-3.8046875,0.02843603305518627,0.02178117260336876,0.2734375,True,False,False
5.285,5.285.H,5.285.N,0,0,-1.8828125,-5.1875,0.13206616044044495,0.005554925184696913,3.3046875,True,False,False
5.2882,5.2882.H,5.2882.N,0,1,-2.4296875,2.625,0.0809367224574089,0.9324532747268677,-5.0546875,False,False,False
5.2894,5.2894.H,5.2894.N,0,0,-0.271240234375,-2.3828125,0.4326026439666748,0.0844927579164505,2.111572265625,True,False,False
5.2895,5.2895.H,5.2895.N,1,0,0.0966796875,-5.8125,0.5241511464118958,0.002981032943353057,5.9091796875,True,False,True
5.2896,5.2896.H,5.2896.N,1,1,3.1015625,2.265625,0.9569571614265442,0.9059898257255554,0.8359375,True,False,False
5.2912,5.2912.H,5.2912.N,1,0,3.3046875,-5.765625,0.9645892381668091,0.0031236486975103617,9.0703125,True,False,True
5.2927,5.2927.H,5.2927.N,1,0,1.98046875,-4.25,0.8787311315536499,0.014063626527786255,6.23046875,True,False,True
5.2938,5.2938.H,5.2938.N,1,1,1.79296875,2.3671875,0.8572908639907837,0.914290726184845,-0.57421875,False,False,False
5.2951,5.2951.H,5.2951.N,1,1,4.15625,4.1875,0.9845753908157349,0.985042929649353,-0.03125,False,False,False
5.2952,5.2952.H,5.2952.N,1,1,2.07421875,2.12109375,0.888372004032135,0.8929365277290344,-0.046875,False,False,False
5.2956,5.2956.H,5.2956.N,1,0,3.53125,-5.8125,0.971563994884491,0.002981032943353057,9.34375,True,False,True
5.2967,5.2967.H,5.2967.N,1,1,0.5419921875,1.3203125,0.6322757005691528,0.7892336845397949,-0.7783203125,False,False,False
5.2972,5.2972.H,5.2972.N,0,1,-3.7578125,1.0078125,0.02280263416469097,0.7325918078422546,-4.765625,False,False,False
5.2974,5.2974.H,5.2974.N,0,0,-2.25390625,-1.89453125,0.09501305222511292,0.13072867691516876,-0.359375,False,False,False
5.2977,5.2977.H,5.2977.N,1,1,2.7578125,3.1171875,0.9403530955314636,0.9575962424278259,-0.359375,False,False,False
5.2985,5.2985.H,5.2985.N,0,0,-1.34375,-5.796875,0.20689404010772705,0.003027834929525852,4.453125,True,False,False
5.2987,5.2987.H,5.2987.N,1,0,3.625,-5.328125,0.9740425944328308,0.004829721990972757,8.953125,True,False,True
5.30,5.30.H,5.30.N,0,0,-3.1328125,-4.359375,0.04177388176321983,0.012624949216842651,1.2265625,True,False,False
5.3001,5.3001.H,5.3001.N,1,0,0.32861328125,-5.1875,0.5814219117164612,0.005554925184696913,5.51611328125,True,False,True
5.3008,5.3008.H,5.3008.N,0,0,-0.46875,-1.33984375,0.3849121630191803,0.2075357586145401,0.87109375,True,False,False
5.3010,5.3010.H,5.3010.N,0,0,-1.388671875,-4.75,0.19961987435817719,0.008577484637498856,3.361328125,True,False,False
5.3011,5.3011.H,5.3011.N,1,0,3.109375,-5.421875,0.957277774810791,0.004399412777274847,8.53125,True,False,True
5.3045,5.3045.H,5.3045.N,1,0,2.1015625,-0.845703125,0.8910549879074097,0.30033501982688904,2.947265625,True,False,True
5.3058,5.3058.H,5.3058.N,1,0,2.9453125,-4.796875,0.9500414729118347,0.008187910541892052,7.7421875,True,False,True
5.3060,5.3060.H,5.3060.N,1,0,0.401123046875,-4.609375,0.5989574790000916,0.00985985528677702,5.010498046875,True,False,True
5.31,5.31.H,5.31.N,1,0,3.546875,-4.375,0.9719924926757812,0.012431650422513485,7.921875,True,False,True
5.3101,5.3101.H,5.3101.N,1,0,2.09765625,-4.40625,0.8906751871109009,0.0120537793263793,6.50390625,True,False,True
5.3103,5.3103.H,5.3103.N,1,0,3.0078125,-1.2734375,0.9529258608818054,0.21866939961910248,4.28125,True,False,True
5.3108,5.3108.H,5.3108.N,1,0,1.9296875,-2.5546875,0.873214840888977,0.07211221009492874,4.484375,True,False,True
5.3111,5.3111.H,5.3111.N,1,1,3.9609375,2.6875,0.9813107252120972,0.9362850189208984,1.2734375,True,False,False
5.3115,5.3115.H,5.3115.N,1,1,2.65625,2.140625,0.9343951344490051,0.894789457321167,0.515625,True,False,False
5.3119,5.3119.H,5.3119.N,0,0,-2.828125,-3.7109375,0.05582314357161522,0.023870833218097687,0.8828125,True,False,False
5.3127,5.3127.H,5.3127.N,1,0,3.0625,-4.828125,0.9553191661834717,0.007937993854284286,7.890625,True,False,True
5.3145,5.3145.H,5.3145.N,0,0,-4.15625,-4.390625,0.01542455144226551,0.012241274118423462,0.234375,True,False,False
5.3154,5.3154.H,5.3154.N,1,0,0.38671875,-4.671875,0.5954925417900085,0.009268013760447502,5.05859375,True,False,True
5.3164,5.3164.H,5.3164.N,0,0,-3.640625,-4.609375,0.025565214455127716,0.00985985528677702,0.96875,True,False,False
5.3165,5.3165.H,5.3165.N,1,0,2.2109375,-5.078125,0.9012274742126465,0.006192990578711033,7.2890625,True,False,True
5.3169,5.3169.H,5.3169.N,1,1,3.359375,3.03125,0.9664104580879211,0.9539660811424255,0.328125,True,False,False
5.317,5.317.H,5.317.N,0,0,-1.255859375,-3.734375,0.22168749570846558,0.023330768570303917,2.478515625,True,False,False
5.3181,5.3181.H,5.3181.N,1,0,3.6796875,-5.578125,0.9753900170326233,0.0037654140032827854,9.2578125,True,False,True
5.3211,5.3211.H,5.3211.N,1,0,1.125,-5.109375,0.7549149990081787,0.006003595422953367,6.234375,True,False,True
5.3224,5.3224.H,5.3224.N,1,0,3.40625,-5.078125,0.9678993225097656,0.006192990578711033,8.484375,True,False,True
5.3231,5.3231.H,5.3231.N,1,0,2.84375,-4.765625,0.9449946880340576,0.008445627987384796,7.609375,True,False,True
5.3237,5.3237.H,5.3237.N,1,0,3.1484375,-0.8525390625,0.9588471055030823,0.2989005148410797,4.0009765625,True,False,True
5.3287,5.3287.H,5.3287.N,1,1,3.1796875,3.21875,0.9600626826286316,0.961533784866333,-0.0390625,False,False,False
5.3300,5.3300.H,5.3300.N,0,0,-3.9765625,-5.390625,0.018404891714453697,0.0045384312979876995,1.4140625,True,False,False
5.3350,5.3350.H,5.3350.N,0,0,-0.203125,-1.9609375,0.4493926167488098,0.1233656257390976,1.7578125,True,False,False
5.3353,5.3353.H,5.3353.N,1,0,2.0546875,-5.046875,0.8864204287528992,0.006388320587575436,7.1015625,True,False,True
5.3355,5.3355.H,5.3355.N,1,1,4.25,0.39208984375,0.9859364032745361,0.5967856645584106,3.85791015625,True,False,False
5.336,5.336.H,5.336.N,1,1,4.1796875,4.2265625,0.9849274158477783,0.9856076240539551,-0.046875,False,False,False
5.3364,5.3364.H,5.3364.N,1,0,3.1953125,-4.84375,0.9606574773788452,0.007815888151526451,8.0390625,True,False,True
5.3379,5.3379.H,5.3379.N,0,0,-3.796875,-5.265625,0.021948251873254776,0.005139611195772886,1.46875,True,False,False
5.3385,5.3385.H,5.3385.N,0,0,-3.8203125,-5.21875,0.02145073004066944,0.005384938325732946,1.3984375,True,False,False
5.3431,5.3431.H,5.3431.N,1,1,3.109375,2.78125,0.957277774810791,0.9416541457176208,0.328125,True,False,False
5.3434,5.3434.H,5.3434.N,1,0,3.796875,-0.77734375,0.9780517220497131,0.31489264965057373,4.57421875,True,False,True
5.3460,5.3460.H,5.3460.N,1,0,2.609375,-4.3828125,0.9314625263214111,0.01233609952032566,6.9921875,True,False,True
5.3492,5.3492.H,5.3492.N,1,0,2.796875,-3.9609375,0.9425067901611328,0.018689310178160667,6.7578125,True,False,True
5.3494,5.3494.H,5.3494.N,1,1,1.3515625,1.53515625,0.7943849563598633,0.8227594494819641,-0.18359375,False,False,False
5.350,5.350.H,5.350.N,1,0,3.125,-0.9599609375,0.957912266254425,0.2768860161304474,4.0849609375,True,False,True
5.3504,5.3504.H,5.3504.N,0,0,-4.5,-5.484375,0.010986942797899246,0.004133968148380518,0.984375,True,False,False
5.3508,5.3508.H,5.3508.N,1,0,2.15234375,-2.9765625,0.8958876132965088,0.048496004194021225,5.12890625,True,False,True
5.3509,5.3509.H,5.3509.N,0,0,-5.09375,-5.15625,0.006097561679780483,0.005730246193706989,0.0625,True,False,False
5.3511,5.3511.H,5.3511.N,1,0,3.640625,-4.78125,0.9744347929954529,0.008315778337419033,8.421875,True,False,True
5.3523,5.3523.H,5.3523.N,1,0,3.5,-2.875,0.970687747001648,0.053403329104185104,6.375,True,False,True
5.3526,5.3526.H,5.3526.N,0,0,-3.984375,-3.2421875,0.018264278769493103,0.03760863095521927,-0.7421875,False,False,False
5.3529,5.3529.H,5.3529.N,1,0,3.8359375,-5.0625,0.9788748621940613,0.006289901677519083,8.8984375,True,False,True
5.3530,5.3530.H,5.3530.N,1,0,3.6796875,-0.732421875,0.9753900170326233,0.32466351985931396,4.412109375,True,False,True
5.3537,5.3537.H,5.3537.N,0,0,-0.0986328125,-0.0439453125,0.47536176443099976,0.48901546001434326,-0.0546875,False,False,False
5.3546,5.3546.H,5.3546.N,1,0,1.46484375,-2.38671875,0.8122723698616028,0.08419107645750046,3.8515625,True,False,True
5.3548,5.3548.H,5.3548.N,1,0,2.0546875,-1.734375,0.8864204287528992,0.15002882480621338,3.7890625,True,False,True
5.3569,5.3569.H,5.3569.N,0,0,-1.048828125,-3.265625,0.25945019721984863,0.03676946461200714,2.216796875,True,False,False
5.3577,5.3577.H,5.3577.N,1,1,2.296875,2.1953125,0.9086179733276367,0.8998278379440308,0.1015625,True,False,False
5.3578,5.3578.H,5.3578.N,1,0,3.0703125,-5.359375,0.9556514620780945,0.004681822378188372,8.4296875,True,False,True
5.358,5.358.H,5.358.N,0,0,-2.6640625,-5.625,0.06512755155563354,0.0035936026833951473,2.9609375,True,False,False
5.3581,5.3581.H,5.3581.N,0,0,-5.421875,-5.484375,0.004399412777274847,0.004133968148380518,0.0625,True,False,False
5.3586,5.3586.H,5.3586.N,0,0,-4.0859375,-4.1484375,0.01652955822646618,0.015543648041784763,0.0625,True,False,False
5.3591,5.3591.H,5.3591.N,1,0,3.5,-2.9140625,0.970687747001648,0.05146276578307152,6.4140625,True,False,True
5.3595,5.3595.H,5.3595.N,0,0,-2.23828125,-4.71875,0.09636510908603668,0.008847355842590332,2.48046875,True,False,False
5.3597,5.3597.H,5.3597.N,1,1,3.609375,3.7890625,0.9736446738243103,0.9778834581375122,-0.1796875,False,False,False
5.3601,5.3601.H,5.3601.N,1,0,2.3671875,-4.921875,0.914290726184845,0.007232763804495335,7.2890625,True,False,True
5.3610,5.3610.H,5.3610.N,0,0,-4.5,-5.046875,0.010986942797899246,0.006388320587575436,0.546875,True,False,False
5.3618,5.3618.H,5.3618.N,1,0,4.09375,-4.8125,0.9835969805717468,0.008061991073191166,8.90625,True,False,True
5.3625,5.3625.H,5.3625.N,0,0,-2.1484375,-4.96875,0.10447732359170914,0.006903838366270065,2.8203125,True,False,False
5.3651,5.3651.H,5.3651.N,1,0,3.1328125,-3.7890625,0.9582260847091675,0.022116588428616524,6.921875,True,False,True
5.3664,5.3664.H,5.3664.N,1,0,2.02734375,-4.15625,0.8836382627487183,0.01542455144226551,6.18359375,True,False,True
5.3666,5.3666.H,5.3666.N,0,0,-0.36083984375,-4.984375,0.41075628995895386,0.00679753115400672,4.62353515625,True,False,False
5.3668,5.3668.H,5.3668.N,1,0,2.24609375,-2.640625,0.9043130874633789,0.06656918674707413,4.88671875,True,False,True
5.3670,5.3670.H,5.3670.N,1,0,3.8515625,-2.03125,0.9791954755783081,0.11596072465181351,5.8828125,True,False,True
5.368,5.368.H,5.368.N,0,0,-0.962890625,-2.1640625,0.2762998342514038,0.1030244380235672,1.201171875,True,False,False
5.3703,5.3703.H,5.3703.N,1,1,3.203125,2.08984375,0.9609517455101013,0.8899121284484863,1.11328125,True,False,False
5.3709,5.3709.H,5.3709.N,0,0,-4.2734375,-5.765625,0.013742320239543915,0.0031236486975103617,1.4921875,True,False,False
5.3721,5.3721.H,5.3721.N,1,0,4.640625,-4.90625,0.9904406070709229,0.007345826365053654,9.546875,True,False,True
5.3726,5.3726.H,5.3726.N,1,0,2.1640625,-4.421875,0.896975576877594,0.011869121342897415,6.5859375,True,False,True
5.3736,5.3736.H,5.3736.N,0,0,-3.96875,-2.12109375,0.018546564504504204,0.10706345736980438,-1.84765625,False,False,False
5.3741,5.3741.H,5.3741.N,1,0,3.71875,-4.78125,0.9763104915618896,0.008315778337419033,8.5,True,False,True
5.3763,5.3763.H,5.3763.N,1,0,3.4296875,-3.046875,0.9686195850372314,0.04535257816314697,6.4765625,True,False,True
5.3765,5.3765.H,5.3765.N,1,0,3.1015625,-1.8515625,0.9569571614265442,0.13568954169750214,4.953125,True,False,True
5.3768,5.3768.H,5.3768.N,1,0,2.5703125,-5.140625,0.9289263486862183,0.005819959565997124,7.7109375,True,False,True
5.3770,5.3770.H,5.3770.N,1,0,3.15625,-4.546875,0.9591543078422546,0.010489091277122498,7.703125,True,False,True
5.3789,5.3789.H,5.3789.N,1,1,2.5703125,2.8203125,0.9289263486862183,0.9437636137008667,-0.25,False,False,False
5.3825,5.3825.H,5.3825.N,1,0,2.71875,-2.8671875,0.9381240010261536,0.05379964038729668,5.5859375,True,False,True
5.3834,5.3834.H,5.3834.N,1,1,2.8359375,2.84375,0.944587230682373,0.9449946880340576,-0.0078125,False,False,False
5.3848,5.3848.H,5.3848.N,1,1,0.40625,0.1904296875,0.6001883149147034,0.5474640727043152,0.2158203125,True,False,False
5.385,5.385.H,5.385.N,0,0,-2.015625,-5.109375,0.117572121322155,0.006003595422953367,3.09375,True,False,False
5.3911,5.3911.H,5.3911.N,1,1,2.9921875,2.671875,0.9522199034690857,0.9353464841842651,0.3203125,True,False,False
5.392,5.392.H,5.392.N,0,0,-0.86328125,-2.6484375,0.29665428400039673,0.06608538329601288,1.78515625,True,False,False
5.3922,5.3922.H,5.3922.N,1,1,2.578125,2.3828125,0.929440438747406,0.9155072569847107,0.1953125,True,False,False
5.3944,5.3944.H,5.3944.N,0,0,-3.375,-3.6953125,0.033085983246564865,0.024237636476755142,0.3203125,True,False,False
5.3946,5.3946.H,5.3946.N,1,0,2.640625,-2.328125,0.9334307909011841,0.08882028609514236,4.96875,True,False,True
5.3958,5.3958.H,5.3958.N,0,0,-1.349609375,-1.0634765625,0.20593424141407013,0.2566456198692322,-0.2861328125,False,False,False
5.3987,5.3987.H,5.3987.N,0,0,-3.828125,-2.125,0.021287353709340096,0.10669060796499252,-1.703125,False,False,False
5.3997,5.3997.H,5.3997.N,1,0,0.966796875,-4.171875,0.7244806289672852,0.015189048834145069,5.138671875,True,False,True
5.4006,5.4006.H,5.4006.N,0,0,-3.890625,-4.5,0.020023442804813385,0.010986942797899246,0.609375,True,False,False
5.4009,5.4009.H,5.4009.N,1,0,2.05078125,-4.296875,0.8860265612602234,0.013428254052996635,6.34765625,True,False,True
5.4014,5.4014.H,5.4014.N,1,0,3.3359375,-2.3046875,0.9656413197517395,0.09073549509048462,5.640625,True,False,True
5.4025,5.4025.H,5.4025.N,1,1,4.6875,2.5078125,0.9908744096755981,0.9246877431869507,2.1796875,True,False,False
5.4027,5.4027.H,5.4027.N,0,0,-3.2890625,-4.3359375,0.03594832122325897,0.012920473702251911,1.046875,True,False,False
5.4035,5.4035.H,5.4035.N,1,1,2.8359375,2.0234375,0.944587230682373,0.8832359910011292,0.8125,True,False,False
5.405,5.405.H,5.405.N,1,0,2.9453125,-4.40625,0.9500414729118347,0.0120537793263793,7.3515625,True,False,True
5.4098,5.4098.H,5.4098.N,1,0,2.484375,-4.671875,0.9230391979217529,0.009268013760447502,7.15625,True,False,True
5.415,5.415.H,5.415.N,1,0,1.2265625,-2.7734375,0.7732163667678833,0.058776553720235825,4.0,True,False,True
5.418,5.418.H,5.418.N,0,0,-1.025390625,-4.0703125,0.2639786899089813,0.01678548939526081,3.044921875,True,False,False
5.420,5.420.H,5.420.N,1,0,3.03125,-4.5625,0.9539660811424255,0.01032815221697092,7.59375,True,False,True
5.426,5.426.H,5.426.N,1,0,2.5625,-5.59375,0.9284088015556335,0.003707252675667405,8.15625,True,False,True
5.429,5.429.H,5.429.N,1,0,0.103515625,-2.6484375,0.5258558392524719,0.06608538329601288,2.751953125,True,False,True
5.432,5.432.H,5.432.N,1,0,3.4296875,-3.859375,0.9686195850372314,0.020645931363105774,7.2890625,True,False,True
5.442,5.442.H,5.442.N,1,0,1.28515625,-4.2734375,0.7833262085914612,0.013742320239543915,5.55859375,True,False,True
5.481,5.481.H,5.481.N,0,0,-3.0390625,-3.0625,0.04569203034043312,0.044680871069431305,0.0234375,True,False,False
5.489,5.489.H,5.489.N,1,0,3.3046875,-4.5625,0.9645892381668091,0.01032815221697092,7.8671875,True,False,True
5.521,5.521.H,5.521.N,1,0,2.265625,-4.515625,0.9059898257255554,0.010818447917699814,6.78125,True,False,True
5.522,5.522.H,5.522.N,0,0,-4.109375,-5.046875,0.01615283451974392,0.006388320587575436,0.9375,True,False,False
5.53,5.53.H,5.53.N,0,0,-3.2890625,-3.7109375,0.03594832122325897,0.023870833218097687,0.421875,True,False,False
5.537,5.537.H,5.537.N,1,0,2.421875,-4.21875,0.9184802770614624,0.014503580518066883,6.640625,True,False,True
5.54,5.54.H,5.54.N,1,0,0.421875,-4.78125,0.6039317846298218,0.008315778337419033,5.203125,True,False,True
5.555,5.555.H,5.555.N,1,0,0.4306640625,-4.859375,0.6060321927070618,0.007695647422224283,5.2900390625,True,False,True
5.56,5.56.H,5.56.N,0,0,-2.9765625,-4.5,0.048496004194021225,0.010986942797899246,1.5234375,True,False,False
5.567,5.567.H,5.567.N,1,0,3.390625,-4.546875,0.9674102663993835,0.010489091277122498,7.9375,True,False,True
5.569,5.569.H,5.569.N,1,0,2.875,-4.1328125,0.9465966820716858,0.01578455977141857,7.0078125,True,False,True
5.572,5.572.H,5.572.N,1,0,0.5849609375,-4.875,0.6422080993652344,0.0075772409327328205,5.4599609375,True,False,True
5.573,5.573.H,5.573.N,1,0,3.2109375,-0.18896484375,0.961243748664856,0.45289885997772217,3.39990234375,True,False,True
5.58,5.58.H,5.58.N,1,0,2.859375,-1.47265625,0.9458011984825134,0.18653921782970428,4.33203125,True,False,True
5.587,5.587.H,5.587.N,1,0,2.0859375,-4.3125,0.8895288109779358,0.013222822919487953,6.3984375,True,False,True
5.591,5.591.H,5.591.N,1,1,2.3203125,2.46875,0.9105454087257385,0.9219217896461487,-0.1484375,False,False,False
5.594,5.594.H,5.594.N,0,0,-2.7421875,-3.5078125,0.06052938848733902,0.02909075655043125,0.765625,True,False,False
5.604,5.604.H,5.604.N,0,0,-5.171875,-4.640625,0.005641908850520849,0.00955939944833517,-0.53125,False,False,False
5.610,5.610.H,5.610.N,0,0,-5.21875,-4.78125,0.005384938325732946,0.008315778337419033,-0.4375,False,False,False
5.62,5.62.H,5.62.N,1,0,3.453125,-5.5,0.9693241715431213,0.004070138093084097,8.953125,True,False,True
5.633,5.633.H,5.633.N,1,1,2.8203125,2.9296875,0.9437636137008667,0.9492946267127991,-0.109375,False,False,False
5.636,5.636.H,5.636.N,1,0,4.0,-4.421875,0.9820137619972229,0.011869121342897415,8.421875,True,False,True
5.639,5.639.H,5.639.N,1,0,2.3203125,-4.421875,0.9105454087257385,0.011869121342897415,6.7421875,True,False,True
5.663,5.663.H,5.663.N,1,0,1.9921875,-0.1923828125,0.879974365234375,0.4520520865917206,2.1845703125,True,False,True
5.681,5.681.H,5.681.N,0,0,-2.7890625,-5.078125,0.057918086647987366,0.006192990578711033,2.2890625,True,False,False
5.691,5.691.H,5.691.N,1,0,1.890625,-4.90625,0.8688268065452576,0.007345826365053654,6.796875,True,False,True
5.704,5.704.H,5.704.N,1,0,2.3984375,-4.703125,0.9167081117630005,0.008985428139567375,7.1015625,True,False,True
5.71,5.71.H,5.71.N,1,1,3.4609375,2.2421875,0.9695556163787842,0.9039745330810547,1.21875,True,False,False
5.724,5.724.H,5.724.N,0,0,-1.09375,-4.953125,0.25091278553009033,0.007011794485151768,3.859375,True,False,False
5.728,5.728.H,5.728.N,0,0,-0.625,-0.2752046585083008,0.3486451208591461,0.43162980675697327,-0.3497953414916992,False,False,False
5.766,5.766.H,5.766.N,1,0,1.7890625,-3.6484375,0.8568122982978821,0.025371311232447624,5.4375,True,False,True
5.771,5.771.H,5.771.N,0,0,-1.033203125,-1.20703125,0.2624635398387909,0.23022675514221191,0.173828125,True,False,False
5.778,5.778.H,5.778.N,0,0,-2.7578125,-3.6171875,0.05964694544672966,0.02615562081336975,0.859375,True,False,False
5.780,5.780.H,5.780.N,0,0,-2.703125,-1.359375,0.06278920918703079,0.20434190332889557,-1.34375,False,False,False
5.782,5.782.H,5.782.N,1,0,3.40625,-5.203125,0.9678993225097656,0.005469274241477251,8.609375,True,False,True
5.785,5.785.H,5.785.N,1,1,2.8984375,2.7265625,0.9477691650390625,0.9385759830474854,0.171875,True,False,False
5.793,5.793.H,5.793.N,1,0,1.765625,-4.625,0.8539127111434937,0.009708477184176445,6.390625,True,False,True
5.806,5.806.H,5.806.N,0,0,-2.6015625,-2.3671875,0.06903792172670364,0.08570926636457443,-0.234375,False,False,False
5.808,5.808.H,5.808.N,0,0,-2.2578125,-2.3203125,0.09467770159244537,0.08945459872484207,0.0625,True,False,False
5.823,5.823.H,5.823.N,1,0,2.96875,-3.4375,0.9511421918869019,0.031143832951784134,6.40625,True,False,True
5.840,5.840.H,5.840.N,1,1,2.5,0.720703125,0.9241418242454529,0.6727617979049683,1.779296875,True,False,False
5.848,5.848.H,5.848.N,1,0,3.0390625,-5.015625,0.954308032989502,0.006589770782738924,8.0546875,True,False,True
5.85,5.85.H,5.85.N,1,1,3.515625,2.6484375,0.9711290597915649,0.9339146018028259,0.8671875,True,False,False
5.850,5.850.H,5.850.N,1,0,0.10546875,-2.78125,0.5263427495956421,0.05834583938121796,2.88671875,True,False,True
5.868,5.868.H,5.868.N,1,1,3.078125,2.7578125,0.9559813141822815,0.9403530955314636,0.3203125,True,False,False
5.871,5.871.H,5.871.N,1,0,3.7421875,-1.890625,0.9768466353416443,0.13117322325706482,5.6328125,True,False,True
5.872,5.872.H,5.872.N,1,0,1.921875,-5.546875,0.872347354888916,0.0038844766095280647,7.46875,True,False,True
5.907,5.907.H,5.907.N,0,0,-0.8359375,-3.3984375,0.30239108204841614,0.032344333827495575,2.5625,True,False,False
5.910,5.910.H,5.910.N,1,0,2.171875,-4.8125,0.8976953029632568,0.008061991073191166,6.984375,True,False,True
5.912,5.912.H,5.912.N,0,0,-4.6875,-4.6875,0.00912563782185316,0.00912563782185316,0.0,False,True,False
5.933,5.933.H,5.933.N,1,0,2.734375,-4.390625,0.939024806022644,0.012241274118423462,7.125,True,False,True
5.94,5.94.H,5.94.N,1,0,1.7421875,-5.265625,0.8509647250175476,0.005139611195772886,7.0078125,True,False,True
5.956,5.956.H,5.956.N,1,0,2.6875,-5.609375,0.9362850189208984,0.003649987280368805,8.296875,True,False,True
5.962,5.962.H,5.962.N,1,0,0.369384765625,-0.998046875,0.5913102626800537,0.2693256139755249,1.367431640625,True,False,True
5.976,5.976.H,5.976.N,1,0,1.94921875,-4.84375,0.875361442565918,0.007815888151526451,6.79296875,True,False,True
5.984,5.984.H,5.984.N,0,0,-2.09375,-2.5546875,0.10970576852560043,0.07211221009492874,0.4609375,True,False,False
5.999,5.999.H,5.999.N,1,0,2.078125,-2.90625,0.8887588381767273,0.05184546858072281,4.984375,True,False,True
