metric,method,split_count,mean,std,median,min,max
f1_macro,instance_level,6,0.7437746613119559,0.029641905277670775,0.7518498139835518,0.6912819208227416,0.76972907852917
f1_macro,true_pair,6,0.7535338038981211,0.015690033490299325,0.7584161855403785,0.7241116290601237,0.7656982481074711
f1_macro,shuffled_pair,6,0.7406014730177738,0.03983334509977129,0.7550952821591344,0.6647552731388705,0.769404542144264
pair_ranking_accuracy,instance_level,6,0.8285087719298246,0.03268255152378487,0.839766081871345,0.7660818713450293,0.8555555555555555
pair_ranking_accuracy,true_pair,6,0.8454678362573098,0.013098305612989058,0.8501461988304093,0.8233918128654971,0.8576023391812866
pair_ranking_accuracy,shuffled_pair,6,0.8255360623781677,0.038137294372753115,0.842251461988304,0.7573099415204679,0.854093567251462
pair_exact_match,instance_level,6,0.5278265107212475,0.04353188119020937,0.5330409356725145,0.46374269005847957,0.5728070175438597
pair_exact_match,true_pair,6,0.5373294346978558,0.030143159367518362,0.5476608187134503,0.4807017543859649,0.5608187134502924
pair_exact_match,shuffled_pair,6,0.5234405458089669,0.05833737595121959,0.539766081871345,0.4154970760233918,0.5736842105263158
