pair_loss_weight,split_seed,run_count,f1_macro_mean,pair_ranking_accuracy_mean,pair_exact_match_mean,mean_pair_margin_mean,f1_macro_calibrated_mean,pair_exact_match_calibrated_mean,brier_score_mean,log_loss_mean,ece_pun_mean,predicted_pun_rate_mean,predicted_pun_rate_calibrated_mean,score_threshold_mean,probability_threshold_mean,f1_macro_std_model_seeds,pair_ranking_accuracy_std_model_seeds,pair_exact_match_std_model_seeds,mean_pair_margin_std_model_seeds,f1_macro_calibrated_std_model_seeds,pair_exact_match_calibrated_std_model_seeds,brier_score_std_model_seeds,log_loss_std_model_seeds,ece_pun_std_model_seeds,predicted_pun_rate_std_model_seeds,predicted_pun_rate_calibrated_std_model_seeds,score_threshold_std_model_seeds,probability_threshold_std_model_seeds
0.0,13,3,0.7987235236522497,0.887719298245614,0.6198830409356725,4.800503796583031,0.8050822536004154,0.6304093567251462,0.1699466432714886,0.661384062439351,0.14471017070417957,0.4777777777777778,0.4783625730994152,-0.2975260416666667,0.42893902903739717,0.009688702689545681,0.006077371254627658,0.023362554801682086,1.8802695881661304,0.005252015534387672,0.017660431427533922,0.009796280741710954,0.17983572100879655,0.03649880974360592,0.007090266463732222,0.02627677419726429,0.5621577033783409,0.13626763898936586
0.0,21,3,0.7752018937598045,0.8538011695906432,0.5672514619883041,5.0045862521344455,0.7805046820726226,0.5766081871345029,0.19151704832545902,0.8528840347561198,0.14447910524016885,0.4421052631578948,0.4701754385964912,-1.3558349609375,0.26602761589659285,0.009090531447081687,0.014180532927464457,0.02114987288891823,3.1074943353140183,0.010900009021910835,0.022829498591746402,0.021069836868269676,0.32282761604360605,0.0897351015285306,0.02373289343590995,0.005263157894736817,1.4899985100511488,0.21456099191988814
0.0,40,3,0.7341795636286466,0.84093567251462,0.495906432748538,3.5355758131596082,0.7431476102753688,0.5146198830409356,0.21363282288021565,0.8053074029163273,0.16068946422253952,0.45263157894736844,0.5087719298245613,-1.3727213541666667,0.25344146149090335,0.008092804325438671,0.014180532927464492,0.01582192895727335,2.0133203206142483,0.0071913579737084765,0.007304091226196933,0.023334798876663634,0.28361125977265733,0.07361723286122135,0.04046513191112561,0.025302114213782378,1.3553661413867513,0.21014145701798104
0.0,42,3,0.7840700272219167,0.8771929824561404,0.5859649122807018,6.317833223398665,0.7912219412060547,0.6,0.19608404534546464,0.9813448860403783,0.1845768574786317,0.4760233918128655,0.49473684210526314,-1.2724609375,0.2606051589482911,0.003066754795504813,0.0035087719298244613,0.0,2.074095721539341,0.007643974011890794,0.009283337933559996,0.009049400015942202,0.34525255319419024,0.01941781364270768,0.010574936444459148,0.0017543859649122862,1.1927826482062087,0.1709594662036182
0.0,73,3,0.7723251029132819,0.8280701754385964,0.5707602339181287,5.272325321665981,0.7817115974151553,0.5847953216374269,0.19205789146523308,0.8861771191882095,0.15248173320457684,0.4807017543859649,0.47719298245614034,-0.7439982096354166,0.3496312984610636,0.008760514514586266,0.016079212964757342,0.015821928957273378,3.3281084382697825,0.008866056777075967,0.017308360920407877,0.024337685278472156,0.3336983925390945,0.08989585316793028,0.0264906471413009,0.0167357754634552,1.0685520457497333,0.21305133562218112
0.0,101,3,0.7625332142705036,0.847953216374269,0.5625730994152046,4.350704117267452,0.7738446321542066,0.5742690058479533,0.19584067261891133,0.7285385358377651,0.16838498412484246,0.4368421052631579,0.5222222222222223,-1.601318359375,0.20972119785423704,0.012616345994565369,0.008103161672836813,0.01995172176518362,1.120485831698459,0.006546140949204316,0.017308360920407932,0.004925116764229157,0.09111500875241474,0.021485514130423277,0.037133351734239865,0.04629496253336791,1.2210933702386522,0.17052919665910082
0.1,13,3,0.7981003637355552,0.8818713450292398,0.6163742690058479,5.065404987892909,0.8058137180275174,0.6280701754385966,0.1723048986398037,0.6856461072094181,0.1453685851630249,0.487719298245614,0.5128654970760235,-0.58837890625,0.3684765637973373,0.008011793579913383,0.01127912369706779,0.020559527288008108,1.668725580571089,0.00662400130979376,0.016079212964757308,0.01602200991132091,0.1706747491088978,0.04382666975416924,0.02930402296226325,0.004415107856883506,0.8545126950664121,0.19833650200727854
0.1,21,3,0.7684724000998909,0.8409356725146199,0.5543859649122806,4.502631650333516,0.782792470054385,0.5777777777777778,0.1913835816720693,0.7587215328582717,0.16057564112889364,0.435672514619883,0.4888888888888889,-1.5813802083333333,0.23640613766697816,0.008113129794863776,0.011279123697067744,0.02134302642209901,1.6942482857412768,0.006819739223188367,0.017308360920407908,0.016010615092968025,0.19423581740638096,0.05324839915827039,0.03430411549956131,0.039632558771596285,1.5748224228958638,0.21824664526838242
0.1,40,3,0.7447729488466958,0.8327485380116958,0.5157894736842105,4.4715352733232825,0.7510082645326596,0.5286549707602339,0.21708153863791155,0.9374403296876203,0.18150819323806622,0.4695906432748538,0.4818713450292398,-0.9767201741536459,0.30301528952779416,0.01013693468069436,0.033163618429842875,0.021343026422099023,1.9535676922211496,0.010161984524250515,0.015821928957273333,0.019281910613684294,0.291699878912418,0.06295743284594703,0.011941858395708842,0.04649398645684434,1.1249926951304232,0.23892414974524645
0.1,42,3,0.7751235656123514,0.8666666666666667,0.5754385964912281,6.916005711248744,0.7800501804224106,0.583625730994152,0.20739981552718745,1.1095855770227976,0.201563932207708,0.46725146198830414,0.48479532163742683,-1.5824788411458333,0.2692661472541424,0.0018698773596289486,0.009283337933559996,0.006077371254627658,1.6280105407913505,0.002733144602991931,0.005359737654919097,0.009785408003374326,0.3378480855625834,0.016141381128094264,0.02207553928441741,0.010279763644004047,1.994483090148112,0.21694160151438022
0.1,73,3,0.7793796926409353,0.8432748538011695,0.5789473684210527,7.4394813582214,0.7886966092059723,0.5964912280701754,0.2064695915792092,1.1817137290575495,0.20246749911387507,0.44502923976608183,0.4853801169590643,-2.4150390625,0.2177053165231951,0.006934779342995118,0.013283996130526925,0.012154742509255237,0.7657635678902256,0.004255293165388874,0.006077371254627658,0.0059109622622645925,0.13260525245280036,0.010902135924591072,0.020930444641138333,0.03255477347302168,2.488148444687393,0.3403518792840747
0.1,101,3,0.7567373061866783,0.8549707602339182,0.5508771929824562,5.460504934522841,0.7799713637282265,0.584795321637427,0.20809820902482803,0.9584671369138981,0.19093228081182056,0.44502923976608183,0.5567251461988304,-3.1438802083333335,0.10743003813624981,0.011926944662349505,0.010719475309838241,0.027850013800679908,2.4620443899068802,0.002994821433909338,0.004051580836418391,0.025778408884472068,0.44297437544075474,0.04902285202572852,0.04913324868139173,0.012446664709820318,2.5700129341166154,0.09203591178723287
0.25,13,3,0.7953010747926464,0.872514619883041,0.6128654970760233,8.525036960177951,0.814004339129699,0.647953216374269,0.19241575925224877,1.1331172261081919,0.1919679570897631,0.4502923976608187,0.5093567251461989,-3.96875,0.03515521526373553,0.001669787274431377,0.010719475309838213,0.00730409122619699,1.0763749991986746,0.011519332179709586,0.023362554801682145,0.0036726110224920066,0.11311225030526485,0.005982763476709079,0.027254222684750952,0.010574936444459086,1.4270168019771177,0.04648809834949886
0.25,21,3,0.7743662533992085,0.8549707602339182,0.5719298245614035,4.483511043570892,0.7826710680093408,0.583625730994152,0.18339415019382643,0.7084967279886266,0.14070676744087407,0.45497076023391814,0.47719298245614034,-0.3079427083333333,0.4263843725645649,0.0029290129084354583,0.007304091226196984,0.006077371254627658,1.640464362147143,0.007998735211823555,0.021149872888918314,0.019863640088998567,0.2019675135496616,0.05983225812487789,0.013627111342375486,0.04192211629946846,0.5989444454628607,0.1457615902576825
0.25,40,3,0.738991713954175,0.8245614035087719,0.5111111111111111,4.584052762929459,0.745104830676376,0.519298245614035,0.22057234835225356,0.9735401204361199,0.19008446222470943,0.48538011695906436,0.4912280701754386,-0.19482421875,0.45198737690782337,0.01483842401671721,0.019536015308175468,0.030655771747558274,2.128093032862828,0.014840261711332918,0.03347155092691037,0.014870844008482278,0.3898424026682867,0.04522117178575443,0.06446821395419793,0.05404533965175217,0.2740109561135868,0.06762648299359256
0.25,42,3,0.7729601928380845,0.8701754385964913,0.5684210526315789,6.818511605959887,0.787126611700271,0.5964912280701754,0.21085264149118568,1.100859018576475,0.20759297117379927,0.4444444444444444,0.49415204678362573,-2.8313802083333335,0.09193709921905348,0.00031742475979821595,0.012651057106891173,0.006077371254627658,1.4893220112758263,0.0020303797476473253,0.009283337933559996,0.006749664339261946,0.24607466037460432,0.010560917168898865,0.012322402050120118,0.0020257904182092233,1.5293409423195399,0.09648964419500324
0.25,73,3,0.7721863628050594,0.8385964912280702,0.5695906432748538,5.4051832411024305,0.7859095374270225,0.5953216374269005,0.1962144424164831,0.8968599961543005,0.17302125282928107,0.4409356725146199,0.49298245614035086,-1.1510416666666667,0.2498026742978768,0.019078020845484937,0.007017543859649061,0.037844888157575356,2.4071649267799784,0.002993763248771541,0.00730409122619699,0.011676496471423029,0.27579294765526213,0.04186333678651042,0.06203518033387284,0.017805072921214436,0.5589294136443786,0.10437532110907491
0.25,101,3,0.7661343187653816,0.847953216374269,0.5672514619883041,5.401633676450852,0.7859635731247154,0.6023391812865497,0.19792376718293345,0.897001358515564,0.17010488405854451,0.43099415204678365,0.5011695906432748,-2.2957356770833335,0.16585312757517348,0.003523388678983883,0.010719475309838208,0.007304091226196984,2.7702083037060525,0.008040522093162769,0.024893329419640675,0.025337495207073023,0.3924207943666321,0.06398580735488449,0.005639561848533906,0.002679868827459576,1.933488713246895,0.17232349505208883
0.5,13,3,0.7892104790103729,0.8853801169590643,0.6,3.353202552126165,0.7921308685744318,0.6046783625730994,0.170466942678424,0.5927033755803758,0.11178581070533213,0.4660818713450292,0.4666666666666666,0.025716145833333332,0.5064244173277026,0.011113982621768674,0.00730409122619699,0.023008556225621035,1.5679753439265172,0.012642545978130432,0.02464480410024029,0.016735990623727687,0.15876153864589235,0.05304099203299035,0.01057493644445913,0.01436026802082885,0.08139127528916483,0.020337252254364595
0.5,21,3,0.7778652945487542,0.8678362573099415,0.5695906432748538,7.07887969435307,0.7898282408977577,0.5918128654970761,0.20659491753210305,1.124438038604188,0.2050061982190656,0.43216374269005847,0.48304093567251466,-2.7613932291666665,0.13382434529253545,0.010635679060774183,0.014180532927464504,0.017308360920407908,1.3215968259107553,0.0087909677351251,0.016581809214921476,0.0076460002512826345,0.19506009388896461,0.007759465806305015,0.020484537880862,0.035451332318661204,2.0869568656895763,0.17324528205874334
0.5,40,3,0.7355833569090574,0.8327485380116958,0.4994152046783626,4.465860645673428,0.7442533319338454,0.52046783625731,0.22172102679036124,0.990158959347764,0.1801609652453057,0.4497076023391813,0.4818713450292398,-1.1078287760416667,0.34580913052630824,0.017109169727776537,0.0199517217651836,0.02984175630917676,2.4891089718954955,0.014363172981050292,0.028577290579814306,0.02395653738071329,0.41573496932072374,0.07190711591412255,0.055736854069912765,0.023819195151364075,1.9443603749115004,0.27620878581852537
0.5,42,3,0.7743458183465535,0.8795321637426902,0.5730994152046783,6.792127389517444,0.7834484153204405,0.5871345029239766,0.20692659731080118,1.0891971367708972,0.19678012535854897,0.456140350877193,0.47309941520467835,-1.6269267400105794,0.25224978616273347,0.0058790251862003255,0.008103161672836782,0.00730409122619699,1.6879286382526861,0.00267934848326874,0.0053597376549190615,0.012814118061467008,0.30200438081595443,0.02234170122662539,0.02155825566218336,0.011941858395708842,1.8802488006041151,0.24000205883583967
0.5,73,3,0.766768307507863,0.8514619883040936,0.55906432748538,5.9428657397889255,0.7806093662420682,0.5824561403508771,0.2011047064387994,1.0025685756055243,0.17530754622308242,0.43391812865497076,0.5029239766081871,-2.8434244791666665,0.13646946611780067,0.0039425727568525165,0.012322402050120116,0.015821928957273322,2.7473241228229486,0.0029748004726650504,0.015294382258037418,0.023540602180769324,0.39746433317814295,0.06449564624540537,0.018005619085778534,0.024955074027312108,2.253076851410131,0.18002562115947457
0.5,101,3,0.7670032193129938,0.8374269005847953,0.5730994152046783,6.896102494803088,0.7846557058536137,0.5941520467836257,0.216009768406776,1.1979100494581398,0.21165310798606418,0.43099415204678365,0.48596491228070177,-3.3671875,0.06583201531623965,0.011069808648208458,0.02114987288891824,0.019324808937846005,1.2350300401554721,0.005716306124111388,0.005359737654919125,0.02133267795880004,0.356364559331258,0.02892510788829702,0.04160275184054366,0.02584371905729165,1.567238907432032,0.08840840898353634
1.0,13,3,0.8040334473075887,0.8818713450292398,0.6280701754385966,7.032436544853344,0.8098790333925744,0.6374269005847953,0.17662270663700574,0.8937256062370796,0.16224673996923347,0.4842105263157895,0.5064327485380117,-1.63226318359375,0.22542161329077,0.00883122696943193,0.016581809214921438,0.015294382258037418,2.4405883748306256,0.005059156407524313,0.008830215713767001,0.009570437518782534,0.283101368709824,0.032460707073021025,0.009283337933559996,0.020782872098148362,1.537595857320577,0.17067000356803377
1.0,21,3,0.7748082656657885,0.8690058479532164,0.5637426900584795,5.315261930052997,0.7847719393331071,0.5824561403508772,0.19382152911955627,0.8773601635027989,0.16885780872371128,0.4485380116959064,0.508187134502924,-2.39208984375,0.14864898678934543,0.0016473835947477988,0.013283996130526977,0.0020257904182092116,2.017596017442398,0.0026769687886194103,0.006077371254627578,0.02424418125550132,0.33109720678648197,0.058993783477214234,0.01512575106009068,0.007910964478636694,1.671002240415175,0.19240059634731682
1.0,40,3,0.7390478910857773,0.816374269005848,0.504093567251462,6.956874557405885,0.7499696646782952,0.5239766081871345,0.2480561640901784,1.5298328186881054,0.24697183112823515,0.447953216374269,0.5146198830409356,-3.984375,0.038501694655555245,0.013075494172852229,0.013283996130527002,0.021149872888918272,0.8579445993378557,0.014121898330703358,0.021438950619676496,0.01439399280668377,0.2410294550451421,0.013961823844741214,0.0066419980652635035,0.04009581220215661,1.8750162759710247,0.041942981876185184
1.0,42,3,0.7732900370439822,0.8818713450292397,0.5660818713450292,7.365376094349645,0.7816044327667612,0.583625730994152,0.20892632857998872,1.1872277841616874,0.20626320207841276,0.4654970760233918,0.49356725146198827,-1.6966145833333333,0.31499621508444325,0.0027206992408386256,0.005359737654919143,0.0020257904182092116,1.4339478626044049,0.0038243700510764223,0.004051580836418447,0.0054214398357949585,0.2596476583495094,0.009575229588310806,0.028951798349676157,0.04229974577783657,3.1820052913459533,0.475350659380126
1.0,73,3,0.779609099220616,0.8362573099415206,0.583625730994152,7.762562891196089,0.7825097601958001,0.5894736842105263,0.20912502888714748,1.2586509316789256,0.2053147377121811,0.45321637426900585,0.45146198830409356,0.14680989583333334,0.5358539652333637,0.004307178555686728,0.008830215713766928,0.01620632334567371,1.186406311080121,0.005499147992853305,0.018566675867119912,0.008190642971714209,0.24013691440240525,0.011035264574299666,0.012322402050120161,0.01071947530983821,0.31042759681933035,0.07614595848895969
1.0,101,3,0.7594603901752052,0.8456140350877193,0.5508771929824562,5.739075498971325,0.7758261227752428,0.5730994152046783,0.2140675777048441,1.05492026741611,0.19591007050054052,0.4257309941520468,0.5111111111111111,-3.3235677083333335,0.08034401814943316,0.0018460953125790482,0.015294382258037432,0.007017543859649034,2.374205185551972,0.004499924351468855,0.010128952091046082,0.025493371839671715,0.40209739018109014,0.060220210164642955,0.014180532927464472,0.033578660163638835,1.7924498982612296,0.11504756480321722
2.0,13,3,0.7986450746104858,0.8842105263157894,0.6187134502923977,7.765418952808045,0.807422343748784,0.6339181286549708,0.18342311524422314,1.0161484338295577,0.1736735157980873,0.4801169590643275,0.49239766081871345,-0.07731119791666667,0.47556621635301494,0.005131315542184674,0.0035087719298245723,0.012322402050120113,1.5322444070346821,0.008758049276982063,0.014180532927464472,0.012568314951442552,0.24537915314287068,0.020986754510985774,0.02857729057981428,0.036520456130984785,1.0953971811919143,0.2519533470984416
2.0,21,3,0.7728545086988143,0.8631578947368421,0.5567251461988304,3.8771586345650295,0.7751857581571712,0.5614035087719298,0.18203543177097967,0.6127048845653976,0.13960405947979626,0.4684210526315789,0.4871345029239766,-0.2923177083333333,0.429832155448253,0.006703686501277551,0.0035087719298245723,0.013283996130526896,0.2643478455523687,0.0047474145675081535,0.009283337933559996,0.0025062681502112656,0.0109439173741178,0.007457289956047176,0.010671513211049501,0.03780420200910874,0.4105761119862235,0.09767841078550223
2.0,40,3,0.7413997963295836,0.8456140350877193,0.5017543859649123,5.900417109260782,0.7517733951985276,0.5239766081871345,0.23092555545389004,1.2667754987270718,0.21167544325976514,0.4345029239766082,0.4672514619883041,-1.9059244791666667,0.20420137818947323,0.007758809706311819,0.014035087719298248,0.012154742509255278,3.114159172438183,0.00658438138459286,0.01127912369706779,0.021679471454380164,0.5867180025021553,0.05360803402829931,0.031203091396383865,0.007090266463732228,1.717910931701241,0.2363772974152111
2.0,42,3,0.7706001257239127,0.8666666666666667,0.5649122807017544,8.087797296535202,0.7834762453653433,0.584795321637427,0.2142339405351877,1.3729088790723782,0.21248384359216418,0.4444444444444444,0.4812865497076024,-2.9964192708333335,0.0955899509634484,0.005631161249595101,0.007017543859649145,0.007017543859649145,1.3691741814229201,0.0009039920136315094,0.0020257904182092354,0.008235638624065756,0.3306369415258659,0.01349213709068338,0.0146081824523939,0.022626365055149835,1.7687896005176114,0.12132442963715595
2.0,73,3,0.7747399176164332,0.8467836257309941,0.5695906432748538,6.152873631527549,0.7845667208066059,0.5883040935672516,0.19600759498067952,1.0453180930467412,0.16274127425437582,0.44502923976608183,0.47426900584795323,-1.1129557291666667,0.2916098561666454,0.005166056304808588,0.005359737654919125,0.008830215713767001,3.515587582904289,0.00728958412642912,0.016206323345673693,0.02185124132485467,0.5103924723676041,0.07412453756222533,0.01141474929587316,0.02381919515136407,1.2357457272188648,0.1935004861752815
2.0,101,3,0.7558681775000218,0.847953216374269,0.5461988304093568,5.990693744860198,0.7845227343657871,0.5953216374269006,0.21399920216131751,0.982301498902301,0.20562531947228144,0.443859649122807,0.5532163742690058,-3.15625,0.042349691291635384,0.015520326940981584,0.008103161672836813,0.031643857914546616,1.352582457463878,0.013986799333844922,0.024644804100240378,0.013233802241299627,0.21541317942633498,0.022369274228450656,0.019925994195790445,0.03947693293973718,0.3455210060546247,0.014781806821328628
