method,split_seed,model_seed,pair_loss_weight,evaluation_scope,f1_macro,pair_ranking_accuracy,pair_exact_match,mean_pair_margin,f1_macro_calibrated,pair_exact_match_calibrated,brier_score,log_loss,ece_pun,predicted_pun_rate,predicted_pun_rate_calibrated,score_threshold,probability_threshold,run_dir,experiment_id,config_hash,dataset_hash,source_hash,metadata_sha256,metrics_sha256,validation_predictions_sha256,validation_pair_predictions_sha256
true_pair,13,13,0.0,validation,0.7980659928345004,0.8912280701754386,0.6140350877192983,3.278024733693976,0.8047577755902474,0.6280701754385964,0.15880475460141488,0.5121552795783005,0.10451966010864522,0.47017543859649125,0.44912280701754387,0.3271484375,0.5810653864312328,/workspace/pair-aware/results_v3/bf16/validation_only/true_pair/lambda_0p0/split_13/model_seed_13,9e149380be8baf170886628e916b2a9dc5ed4f69529939be31b95f236fc7b0ec,f4fe532cb59b3bcaf20ffdbb31c1fe880765b316d207798d4af5df48c832521b,0408158bfbf5a1ca3328d04ddad80f5c3e933f8182d3f4e6e18871b17bfb46e2,bb43d0ad549b7e57213aab7dca185a96972dab5a6e0ad093afcd5ecde5eef177,de4cd312213fcd90ece7875a037e764219d69c6f1ea024d25140dc35068d1cd7,9754519e16ea18bb930689cee90eb39e8f845e449fa3df79a0dd8f75ec94cff1,e3ceb74864bf4adb2161ae5c110f618b3147d3f93c96aebb273fe73b7b395710,db5457f9e4889b752c31e18bc82c38e700b04df876db4b794923abfd34a9f236
true_pair,13,40,0.0,validation,0.8087242433478337,0.8807017543859649,0.6456140350877193,6.902249520285087,0.8104889852109988,0.6491228070175439,0.17720899353597555,0.8610542986957411,0.17579202039022845,0.4842105263157895,0.48596491228070177,-0.45703125,0.3876903297319391,/workspace/pair-aware/results_v3/bf16/validation_only/true_pair/lambda_0p0/split_13/model_seed_40,a5e7249f551a52be78f6ca0a3be0a8f2bb498e35c90c97363bd073d4afe251d1,f4fe532cb59b3bcaf20ffdbb31c1fe880765b316d207798d4af5df48c832521b,0408158bfbf5a1ca3328d04ddad80f5c3e933f8182d3f4e6e18871b17bfb46e2,bb43d0ad549b7e57213aab7dca185a96972dab5a6e0ad093afcd5ecde5eef177,93a008c6188e2882e8f76b51851a17ceed654cccf1e38a763dd5bca39e863791,bdc0fb56e66791fe72410a1cb600b9f5b1b76dd18f9648e6efe685fbeae18690,859e20e19b23be95fe5c91122da821476fc19e336f913438efa9b5196bc2bda4,f33cf7e93272345c4e3c8d72b2427990a64511ccf0988fea024ba303a3878213
true_pair,13,101,0.0,validation,0.7893803347744153,0.8912280701754386,0.6,4.2212371357700285,0.8,0.6140350877192983,0.17382618167707542,0.6109426090440113,0.15381883161366505,0.4789473684210526,0.5,-0.7626953125,0.31806137094901954,/workspace/pair-aware/results_v3/bf16/validation_only/true_pair/lambda_0p0/split_13/model_seed_101,81612efa49ccff3ff37f4bfc1b7004184dfba617ce8f1f9afe46dfb7589ac540,f4fe532cb59b3bcaf20ffdbb31c1fe880765b316d207798d4af5df48c832521b,0408158bfbf5a1ca3328d04ddad80f5c3e933f8182d3f4e6e18871b17bfb46e2,bb43d0ad549b7e57213aab7dca185a96972dab5a6e0ad093afcd5ecde5eef177,922277ea283824ee3f3d8029e6e974d2cfe5a31668b419f1739f4f532d8acbc4,f62e9b3b8f94131d0da1ab47a23ddcfeed9d27a322c0a4150888463d3eaec3f7,0c1169b8fd1cc6266ab0e573bbce0e824c62ff00559019d2eed4090b949fec59,54a671e84fc5680e4281f9ecd132d07f744c59715912a8592c27bcd813a26b16
true_pair,21,13,0.0,validation,0.784561812233568,0.8666666666666667,0.5894736842105263,7.5975896467242325,0.7927272727272727,0.6,0.2046300971746237,1.1520651037339344,0.20100290481485908,0.4192982456140351,0.4649122807017544,-3.0,0.04742587317756678,/workspace/pair-aware/results_v3/bf16/validation_only/true_pair/lambda_0p0/split_21/model_seed_13,cc78b50747b450e3e5b426668f13f93403994e73ae27f36fefb6086703d60cf2,f4fe532cb59b3bcaf20ffdbb31c1fe880765b316d207798d4af5df48c832521b,ca3ef356e825e341ddf0a4066037de4a278a1671b324c5e6048a65ae99638be7,bb43d0ad549b7e57213aab7dca185a96972dab5a6e0ad093afcd5ecde5eef177,36818166003a45dc57347092819405ccb06f113ea06dbda9ff73781616edecd0,5b4b78a6258ae12f134d3aab7719d43dc97913212b1686b6068e0e019d5882e2,c05a75cf46d95313da482585bb5d8a7dd81c6b5ef0fa9792e174b348a6f050f6,c9bfa1731e0a871cc577f79efbf8da247713bc18154e700dac7207201d9868c9
true_pair,21,40,0.0,validation,0.7664071190211346,0.8385964912280702,0.5473684210526316,1.56011549297132,0.7717921553168424,0.5543859649122806,0.16721301736995628,0.5107170591993418,0.04100960272832599,0.4666666666666667,0.47543859649122805,-0.0948486328125,0.47630560255358234,/workspace/pair-aware/results_v3/bf16/validation_only/true_pair/lambda_0p0/split_21/model_seed_40,535bb83ab7087ffacf83cd6def67fdde68aaf708b474872155dde32e3bdee2bf,f4fe532cb59b3bcaf20ffdbb31c1fe880765b316d207798d4af5df48c832521b,ca3ef356e825e341ddf0a4066037de4a278a1671b324c5e6048a65ae99638be7,bb43d0ad549b7e57213aab7dca185a96972dab5a6e0ad093afcd5ecde5eef177,60eadb3e25db44d39bba8a288c55f9647962de0c09a794bd9d5fb20ccc20afb7,abb1aff008baf2a2dd5c317b65429309a87e7284bfa46815d20c711f7a1313a9,b2af66866c39eb8774054b6802f31bafb2620b65f73e810f933e6a847a7dc121,67dc05f02cdf9be6425206758af4de2d0b56457d720d55f349043e6a3df4bba8
true_pair,21,101,0.0,validation,0.7746367500247109,0.856140350877193,0.5649122807017544,5.8560536167077855,0.7769946181737526,0.5754385964912281,0.20270803043179705,0.8958699413350831,0.19142480817732155,0.44035087719298244,0.47017543859649125,-0.97265625,0.2743513719586294,/workspace/pair-aware/results_v3/bf16/validation_only/true_pair/lambda_0p0/split_21/model_seed_101,17ea8bbf979bfcfe49065c0b03c72f663949d094bd94810bbb22598a82cce1b6,f4fe532cb59b3bcaf20ffdbb31c1fe880765b316d207798d4af5df48c832521b,ca3ef356e825e341ddf0a4066037de4a278a1671b324c5e6048a65ae99638be7,bb43d0ad549b7e57213aab7dca185a96972dab5a6e0ad093afcd5ecde5eef177,338645bae1382a0038208d536c3dea13e66edf01352be8f55b6ad9478bb708d1,33a61c5ba76063b159c27692803695b414b6ca450a5341d32a3078d0a804d131,0bc9be435bbbe8b04a6db81a5851d3fbd4b1d2835cb1ab05ec403f87be7ca050,979284ea164fa998cd7592a8f1ff6766688bdc9de8ebf651897386af3fdecf43
true_pair,40,13,0.0,validation,0.7256986379625634,0.8280701754385965,0.4807017543859649,3.234371038068805,0.7350477603578256,0.5087719298245614,0.21956719276546463,0.7340081499879182,0.18223002170540456,0.4070175438596491,0.48771929824561405,-1.22265625,0.2274693377553755,/workspace/pair-aware/results_v3/bf16/validation_only/true_pair/lambda_0p0/split_40/model_seed_13,58171359508ba9b409b1e82c65bd84eeaae4924fe9b14d188abe6a5f7dc2082a,f4fe532cb59b3bcaf20ffdbb31c1fe880765b316d207798d4af5df48c832521b,cda10d0a5bd98b8fdfc5fa83e5af6da73433a71153c013f41c0811976cf6c4ae,bb43d0ad549b7e57213aab7dca185a96972dab5a6e0ad093afcd5ecde5eef177,47a02f36f1a982b6bbcf7cba55fe30f35133fc9cb7320e55f5aff42110016626,64547b500f72b15e023c30bc485974629075e80cf3ef8e834b0c7e50e96855f5,5a87e11c743e88f86b72c799c372a655af042610308695221b912e111107ea25,fb2972bcfdc188e91bd700020deb200346cc891428fd5db78ad1e1d0a1defa3a
true_pair,40,40,0.0,validation,0.7350216582158063,0.8385964912280702,0.49473684210526314,1.689827661346971,0.7456132521183506,0.512280701754386,0.18790382168398057,0.5641490470738039,0.07870471882131357,0.4842105263157895,0.5017543859649123,-0.0986328125,0.47536176791694884,/workspace/pair-aware/results_v3/bf16/validation_only/true_pair/lambda_0p0/split_40/model_seed_40,e52f7b5d8d151270cecfce6a677dbe87d936892e905ef07653b1c2688a137329,f4fe532cb59b3bcaf20ffdbb31c1fe880765b316d207798d4af5df48c832521b,cda10d0a5bd98b8fdfc5fa83e5af6da73433a71153c013f41c0811976cf6c4ae,bb43d0ad549b7e57213aab7dca185a96972dab5a6e0ad093afcd5ecde5eef177,9954c50b28eaffbc106babb1d1008aab62ef0125d37f9582be41c00fd37ecce6,78ca2b8ce8fc81e93a5ca61c277a22579b52a1df7a95d3b43d3b11d07595ded8,20ae6fc9bd4f1b056a4b763c47180113ba8be25ed27817b0231a5aeb574bd52c,5624af4b957387104a1c204fbedb5b678fc1e79c369b24fadd73f08324e11e2e
true_pair,40,101,0.0,validation,0.7418183947075698,0.856140350877193,0.512280701754386,5.682528740063049,0.7487818183499302,0.5228070175438596,0.23342745419120167,1.1177650116872597,0.2211336521409004,0.4666666666666667,0.5368421052631579,-2.796875,0.05749327880038581,/workspace/pair-aware/results_v3/bf16/validation_only/true_pair/lambda_0p0/split_40/model_seed_101,cdbe4aef55db532924984feaa5e8ae174c806a03ca511521668be1262ccba506,f4fe532cb59b3bcaf20ffdbb31c1fe880765b316d207798d4af5df48c832521b,cda10d0a5bd98b8fdfc5fa83e5af6da73433a71153c013f41c0811976cf6c4ae,bb43d0ad549b7e57213aab7dca185a96972dab5a6e0ad093afcd5ecde5eef177,06b2cb578bbb0d6b241254d8a08437c2e8907d5da9dca1af50184addb5328ccf,94c5c4d39895f981be8fef67efbb244ebd7a6b4faeb267a2250173be1ca29d6e,8a1e8b6d9539ae96ce703bbb6a7d7d1fb33c7029ac34186f4ae410509b7b952a,f801173a894d1f81b428556fc4fe41d7e64b486ff699aa8cf0cc179afe5c4e45
true_pair,42,13,0.0,validation,0.782413279316332,0.8736842105263158,0.5859649122807018,4.734275630482456,0.7824534620309268,0.5894736842105263,0.19203800489528164,0.7498344692286815,0.17058761895676117,0.48596491228070177,0.4964912280701754,-0.7255859375,0.3261641094524806,/workspace/pair-aware/results_v3/bf16/validation_only/true_pair/lambda_0p0/split_42/model_seed_13,7b8cf6f73c5f3e98f299ecf6e56967a64fa2d4389d585acf25d240904a2041a9,f4fe532cb59b3bcaf20ffdbb31c1fe880765b316d207798d4af5df48c832521b,ed69610d3f2362af391c11ab822fd3b66457fb8c748ace929b9726ba17378ec5,bb43d0ad549b7e57213aab7dca185a96972dab5a6e0ad093afcd5ecde5eef177,7e251f9663d78930f81424ff60abb1da976263e95bc26c3ce57a870a7187262f,e33bda78861084dc6cb60e3a8e05cb1888d532f0313fce7074e675fd98eafe81,8aa7f7070e4b882a87f13130157e35be1adf306fec540f1c3c49e9e38461ded3,9d2dd1f34cda98e210b53cc137c5781e151c9a00075c914db55027f89d40d422
true_pair,42,40,0.0,validation,0.7876088208394025,0.8771929824561403,0.5859649122807018,5.55361328125,0.7964812055995371,0.6070175438596491,0.1897635766027953,0.816028002861411,0.17639658330183286,0.47719298245614034,0.49298245614035086,-0.451171875,0.38908217842189113,/workspace/pair-aware/results_v3/bf16/validation_only/true_pair/lambda_0p0/split_42/model_seed_40,f3a4c600025e3bd3a1092c77c72e5071a9906662816b3b0fccbaa74df422d18e,f4fe532cb59b3bcaf20ffdbb31c1fe880765b316d207798d4af5df48c832521b,ed69610d3f2362af391c11ab822fd3b66457fb8c748ace929b9726ba17378ec5,bb43d0ad549b7e57213aab7dca185a96972dab5a6e0ad093afcd5ecde5eef177,6c4b6b9db8b7ea9f635592957b18aab429efe1bc2ebbc9da8d32491fda131f07,6824d2587e8a568a428d754a55ad4e24a0c36faa0c4e911c99b79312a9bdc29f,f853991548fcf6d862de0e49f6e4d51c9cf3abc64f0ea7fa2c5fa31368af47dc,d1baefd1aed9f6a71ea8a645e17af31ba326d1a26b38b879dfa7293d52f212b8
true_pair,42,101,0.0,validation,0.7821879815100155,0.8807017543859649,0.5859649122807018,8.665610758463542,0.7947311559877004,0.6035087719298246,0.206450554538317,1.3781721860310423,0.20674637017730105,0.4649122807017544,0.49473684210526314,-2.640625,0.06656918897050168,/workspace/pair-aware/results_v3/bf16/validation_only/true_pair/lambda_0p0/split_42/model_seed_101,b4c592d024be24d716a077173e5052becbd73c74e4cb60326bceb0b1199e8bb9,f4fe532cb59b3bcaf20ffdbb31c1fe880765b316d207798d4af5df48c832521b,ed69610d3f2362af391c11ab822fd3b66457fb8c748ace929b9726ba17378ec5,bb43d0ad549b7e57213aab7dca185a96972dab5a6e0ad093afcd5ecde5eef177,0b12af4b4f5374511e67a9a9dce23f80b21b3121aea71be3ae1fcc1398b95958,39ac82ff8089814b730a7630b6ca5175a27ae26ddb6eecb2b94a0795cc281c99,707192787bfae5580c6a7bff16dbfb33900ca09fdb63c5d8507fcb042bd3da7f,c1fb0d64f1b1774671142e3455c9ff18572e495ef69906ceb96baa0bd3c1c5d1
true_pair,73,13,0.0,validation,0.7805876248340935,0.8140350877192982,0.5859649122807018,7.685892312568531,0.7859227425531653,0.5929824561403508,0.20316918736584785,1.1164121042369928,0.20303008799879185,0.47719298245614034,0.48596491228070177,-0.57568359375,0.3599264022779056,/workspace/pair-aware/results_v3/bf16/validation_only/true_pair/lambda_0p0/split_73/model_seed_13,805b491bb9921550e32d7385a22f7f34f6fb77ac1dc5eba6e535631eb1309788,f4fe532cb59b3bcaf20ffdbb31c1fe880765b316d207798d4af5df48c832521b,13da7362da5a91f87c78ef27ecce6939441c8b6b383319781bcd155a34ade1e4,bb43d0ad549b7e57213aab7dca185a96972dab5a6e0ad093afcd5ecde5eef177,bc35cafab8561e0c8dd03323654dcaba9de634ce4e262fd8819026214dba32e5,9a960a9b8355e2567be457472020042aca09315f9b6822d2634bdc6813241c7b,0921a5a3e9102282b562b6422733db1139abfa9202501f9b07156b134a369997,22d8f886ca2af7f1f1c6f71443dd32267e9da714fbe511a53c4cc2caf3212176
true_pair,73,40,0.0,validation,0.7732480148022511,0.8456140350877193,0.5719298245614035,6.655392509594298,0.787687278167529,0.5964912280701754,0.20885682363334204,1.0386385980495854,0.20572451122149887,0.45614035087719296,0.48771929824561405,-1.88671875,0.13161904835577012,/workspace/pair-aware/results_v3/bf16/validation_only/true_pair/lambda_0p0/split_73/model_seed_40,dbfc54cf4f4a7f2edbc287dba0044125b1941340d0d52ec636671cf614f23763,f4fe532cb59b3bcaf20ffdbb31c1fe880765b316d207798d4af5df48c832521b,13da7362da5a91f87c78ef27ecce6939441c8b6b383319781bcd155a34ade1e4,bb43d0ad549b7e57213aab7dca185a96972dab5a6e0ad093afcd5ecde5eef177,1c98d26f4b46a1d27fbec095417f4cea8598d940e5ac92aa0ee622456725dd4e,8daed77a64dfa5bce90b5c84f2843a96b06d77aaf6ed405793fa58febcd47ea4,5ce57a7039787f4e4f3930fca73499b2845ecc44339bcd261f761311a6a3db60,c8dac812b06df4423617f6f952be21e98924f2069469c9e4a2fb00fb18cfc85d
true_pair,73,101,0.0,validation,0.7631396691035013,0.8245614035087719,0.5543859649122806,1.4756911428351152,0.7715247715247715,0.5649122807017544,0.16414766339650932,0.5034806552780502,0.04869060039343982,0.5087719298245614,0.45789473684210524,0.23040771484375,0.5573484447495151,/workspace/pair-aware/results_v3/bf16/validation_only/true_pair/lambda_0p0/split_73/model_seed_101,2b892c54d67938370d626fd9bc92ecf14b7a3daff1214602f055e37de80807ae,f4fe532cb59b3bcaf20ffdbb31c1fe880765b316d207798d4af5df48c832521b,13da7362da5a91f87c78ef27ecce6939441c8b6b383319781bcd155a34ade1e4,bb43d0ad549b7e57213aab7dca185a96972dab5a6e0ad093afcd5ecde5eef177,1a0370a5d2bce3f1375c0a7b9f700f5fdfa80079676b5868d5832246ca40d70e,355219dfaf5c1e299cdd03c9c4b28d599dd53482bef7852104cf523380aaa595,37395dcc6deaf3631f7102b1d2e277d02ae7204b204d6392da5d39b69daae300,880ffef9be695840cbe766b25e6aee642020c59f315829c147e18ed1eb197718
true_pair,101,13,0.0,validation,0.768135593220339,0.8526315789473684,0.5684210526315789,4.877228639836897,0.775438596491228,0.5824561403508772,0.19156844449570085,0.7194554739008651,0.16673356675772485,0.4649122807017544,0.5,-0.440673828125,0.39158042121754255,/workspace/pair-aware/results_v3/bf16/validation_only/true_pair/lambda_0p0/split_101/model_seed_13,aef32e073a5b297839d25aab3132cc9dd24f7268a64c81d0790be0e7fb7a9428,f4fe532cb59b3bcaf20ffdbb31c1fe880765b316d207798d4af5df48c832521b,8fa1106caddcf6eb0c1bec78a171b8f03f4615d846c63b3bb037293829723f0a,bb43d0ad549b7e57213aab7dca185a96972dab5a6e0ad093afcd5ecde5eef177,da69db5e8302f10c743c59e52448355c01d9d989c1336bf7cf09b813ee1d63e1,2535c31161f4ea659fc94c3f7a37342dc20747241ffa9955ea5cc2859c37e2e2,3389e5503bf3500037fd9e3bf179ce682d12ed1cd5c50eb4930bcc07146b3763,a5051bfc13edbedec4585715edd9e8f98f236b787b87ff4ef810c7aa328c92d5
true_pair,101,40,0.0,validation,0.7480859010270775,0.8526315789473684,0.5403508771929825,3.0639344332510965,0.7666487110427087,0.5543859649122806,0.19472596750856494,0.642305244805065,0.14777283067249075,0.39473684210526316,0.49122807017543857,-1.48828125,0.1841798425453443,/workspace/pair-aware/results_v3/bf16/validation_only/true_pair/lambda_0p0/split_101/model_seed_40,bc878118f0e4b5b694f65612d22c8330d115feb5f9ad49826d6930f16494adf8,f4fe532cb59b3bcaf20ffdbb31c1fe880765b316d207798d4af5df48c832521b,8fa1106caddcf6eb0c1bec78a171b8f03f4615d846c63b3bb037293829723f0a,bb43d0ad549b7e57213aab7dca185a96972dab5a6e0ad093afcd5ecde5eef177,9c078a20400c5b7deb2d60749b4fb762be5289035a385c09819034149dff4441,84fec8b215bf9c304abc3451c0e261ffb0341c39da78a09a0b568ebd778c1149,a525cc059f6c15b99d73738513399299d92052b38a478e15f0e86c924e96f0e8,098bb56a55ffa89ccb738669f150b9df862efe645c37dc66b0bf39f8bb07e3d4
true_pair,101,101,0.0,validation,0.7713781485640944,0.8385964912280702,0.5789473684210527,5.110949278714364,0.779446588928683,0.5859649122807018,0.20122760585246818,0.8238548888073648,0.19064855494431174,0.45087719298245615,0.5754385964912281,-2.875,0.05340332979982423,/workspace/pair-aware/results_v3/bf16/validation_only/true_pair/lambda_0p0/split_101/model_seed_101,9b1c533a84282117373b5ea06e8e56a0e1b9ae1b169e99bcd803896e3bc286a4,f4fe532cb59b3bcaf20ffdbb31c1fe880765b316d207798d4af5df48c832521b,8fa1106caddcf6eb0c1bec78a171b8f03f4615d846c63b3bb037293829723f0a,bb43d0ad549b7e57213aab7dca185a96972dab5a6e0ad093afcd5ecde5eef177,b649637de8502ea59c53bab973ad5e76b24f1d0efa08bf1f05c19d5330bc5eb0,27dd66b5833596590f51f1027201a8c8fd2b5aaccbca163edbf5d313ab765731,97335dc043f3ca95cae4c6a52864836827209f8bb5a8a2be8d309784a8bfe19d,0fcaebcf24f1223dcb152ff9411dc83da3aeb3b13e1b25dbf324888dd8ea09ff
true_pair,13,13,0.1,validation,0.7997016176760703,0.8947368421052632,0.631578947368421,3.219264408580044,0.8104679802955665,0.6421052631578947,0.1540377119603348,0.4922830077300216,0.09480327960038847,0.4614035087719298,0.5175438596491229,-0.9609375,0.2766905310254354,/workspace/pair-aware/results_v3/bf16/validation_only/true_pair/lambda_0p1/split_13/model_seed_13,ed8bb3b5ee90edd96c1657e67c29c528433979a0718c42144455a5a1a3db8fd8,eba541e086da6ecd98c3a80e231c0545343a71f3469d30a5a9cbcf10166b6dc7,0408158bfbf5a1ca3328d04ddad80f5c3e933f8182d3f4e6e18871b17bfb46e2,bb43d0ad549b7e57213aab7dca185a96972dab5a6e0ad093afcd5ecde5eef177,ed9efa36478acac6e5c77446d09f7535af7270e94c0befc59d2bfe62a4ed399e,851e1fe677fe3bae4a0123337946b84d5adb2522fb1ba3ed9c5e1aa96cb22a12,3072d76b70a53de80dd3b4ff027163b3b22c850ad0a65a7ebf6b1e4aeb1364ef,a6e442109a5a0c986d5c216073a0bdc6b558e1087b2f8714dbd054a80d4f02f9
true_pair,13,40,0.1,validation,0.8051906065355211,0.8771929824561403,0.624561403508772,6.466459361293859,0.8087430852914106,0.631578947368421,0.17890132432415112,0.8153110437245212,0.1724230694145793,0.519298245614035,0.512280701754386,0.38916015625,0.5960805076738487,/workspace/pair-aware/results_v3/bf16/validation_only/true_pair/lambda_0p1/split_13/model_seed_40,4dabc31b15ab5f5d1c5eb041b30d9d96ad2a839e509b205e31326de54296f1c5,eba541e086da6ecd98c3a80e231c0545343a71f3469d30a5a9cbcf10166b6dc7,0408158bfbf5a1ca3328d04ddad80f5c3e933f8182d3f4e6e18871b17bfb46e2,bb43d0ad549b7e57213aab7dca185a96972dab5a6e0ad093afcd5ecde5eef177,25b232071bb88f1267ab32ccf7fb559b62e6a0ad5b0864d4f8b91f78827302a6,e7345f3b1c7d4b569567a6ed095982a61e82cca13f1fa27c34d1859f0e0621f7,5e6f58e43378597c3a2412f31d16d07cd80d0427a751175d7aa1d50b38a053d3,c57b0ce296536b61b67adba0c902edd955b6a73aec25a876ca554e7e2328b17c
true_pair,13,101,0.1,validation,0.7894088669950738,0.8736842105263158,0.5929824561403508,5.510491193804825,0.7982300884955753,0.6105263157894737,0.18397565963492513,0.7493442701737115,0.16887940647410696,0.4824561403508772,0.5087719298245614,-1.193359375,0.23265865269272776,/workspace/pair-aware/results_v3/bf16/validation_only/true_pair/lambda_0p1/split_13/model_seed_101,de196831a39f8dbc8a0b7dec33d3c52e4605f5ca723140ff77c0fa6f72f77a23,eba541e086da6ecd98c3a80e231c0545343a71f3469d30a5a9cbcf10166b6dc7,0408158bfbf5a1ca3328d04ddad80f5c3e933f8182d3f4e6e18871b17bfb46e2,bb43d0ad549b7e57213aab7dca185a96972dab5a6e0ad093afcd5ecde5eef177,5245d3e2badb7c895a45ab2096192daef6b9c607c785683db26b2430d5a1dc55,e3cef944d629eb197504d54db5bf9d26b76d43c8827703ce79ca1943468a3be5,e673b40e0ac8ae7a4a8c7579bf052a7f646ea334702140b533c58464b5e7bd80,ad6ffc6f6cf52b8d185f0f8a302f3a9833c8adc606d6a8f994428cd02aa9bc22
true_pair,21,13,0.1,validation,0.7752498517499713,0.8456140350877193,0.5684210526315789,4.978721645422149,0.788888888888889,0.5894736842105263,0.19559942833426158,0.8152270921087351,0.176642145923993,0.4070175438596491,0.4473684210526316,-1.373046875,0.20212802394796647,/workspace/pair-aware/results_v3/bf16/validation_only/true_pair/lambda_0p1/split_21/model_seed_13,544828e08a2c3b84c3297803e7d1fb468c12de0afed979758a46c21462dbae9c,eba541e086da6ecd98c3a80e231c0545343a71f3469d30a5a9cbcf10166b6dc7,ca3ef356e825e341ddf0a4066037de4a278a1671b324c5e6048a65ae99638be7,bb43d0ad549b7e57213aab7dca185a96972dab5a6e0ad093afcd5ecde5eef177,72ece499c984081c406bdbcd2a0555532922e1a1359e2b4e0ea0de8643e9dfb9,f771dfa06ffbed4d74fbc5d0eee0a3fa94b6bf3a08f4f10ade233e3218b25c46,17ea805ce99135fec045c60c0f0ff590d973d65d96d7c363543178e4f32f8981,99a441e550da1f483e6b05ef2edd723bbc098e79b15168cf13916c43514e6837
true_pair,21,40,0.1,validation,0.7594825594825595,0.8280701754385965,0.5298245614035088,2.621272625839501,0.7754275372132822,0.5578947368421052,0.17368688759579132,0.5424982925380966,0.10114401734984708,0.47368421052631576,0.49298245614035086,-0.12109375,0.46976350170883857,/workspace/pair-aware/results_v3/bf16/validation_only/true_pair/lambda_0p1/split_21/model_seed_40,bfcaaadd9567d02e8133a3fd7142bf3af823fcc0b3043c882c9364bbe05bbf05,eba541e086da6ecd98c3a80e231c0545343a71f3469d30a5a9cbcf10166b6dc7,ca3ef356e825e341ddf0a4066037de4a278a1671b324c5e6048a65ae99638be7,bb43d0ad549b7e57213aab7dca185a96972dab5a6e0ad093afcd5ecde5eef177,47975abf3bf8020d8fb61b29890464f5f78d28e4d5a6289f4117b466e14b8b22,c1a606f9922f0b9360712532c0deadce7ba75dcd6579484b3b5cbd3d9f2f0cd3,0bb43acb09b5cc32d46b74bbde54717d4e732f99ce2284d682d26ce7acb8c0bd,f4142e1bc67c8c6a2997894bb7c32b907cbbc67b2ec191066ba8da3e84b1734e
true_pair,21,101,0.1,validation,0.770684789067142,0.8491228070175438,0.5649122807017544,5.907900679738898,0.784060984060984,0.5859649122807018,0.204864429086155,0.9184392139279832,0.20394076011284087,0.4263157894736842,0.5263157894736842,-3.25,0.037326887344129464,/workspace/pair-aware/results_v3/bf16/validation_only/true_pair/lambda_0p1/split_21/model_seed_101,0ee3ad18384a186c6e5e72db8b0532ff43909b63a673e5cf52c3d97dcea6e5d8,eba541e086da6ecd98c3a80e231c0545343a71f3469d30a5a9cbcf10166b6dc7,ca3ef356e825e341ddf0a4066037de4a278a1671b324c5e6048a65ae99638be7,bb43d0ad549b7e57213aab7dca185a96972dab5a6e0ad093afcd5ecde5eef177,5a245c81e9ae2654ee7cbabbcd9b314f56be0f02ca0f02560a943f211dc7baa6,6d89bf345cd63e6bef433d91c7951094129487e0e633fef0c528703ee1ccbbc7,8a3a9be6346a5103905940f6e37d1fa85f99a26f16c048842fb45120d651be2f,9bd98eb8c6b860d02f8a35c80dffa60e062ba4846f0a83d0b0291b5acc05c87e
true_pair,40,13,0.1,validation,0.7521548068768792,0.8701754385964913,0.5298245614035088,5.680028440241228,0.7613300492610837,0.543859649122807,0.22639709754197698,1.0828497980967844,0.21673911477478175,0.45614035087719296,0.4824561403508772,-1.51171875,0.18068421416480296,/workspace/pair-aware/results_v3/bf16/validation_only/true_pair/lambda_0p1/split_40/model_seed_13,a0ed52dda3430dbbf0590189cb346e5324e68c47753f9811db29252431fb5400,eba541e086da6ecd98c3a80e231c0545343a71f3469d30a5a9cbcf10166b6dc7,cda10d0a5bd98b8fdfc5fa83e5af6da73433a71153c013f41c0811976cf6c4ae,bb43d0ad549b7e57213aab7dca185a96972dab5a6e0ad093afcd5ecde5eef177,6f08967e939c5eefac2f4c8cf97b3ecbb82f457f88110f2eb35f8677288e5a58,a928728d2ca4888885685a5d7e2d6012eb977c8d113592401e55681200dbd0d3,478c73bd1650de4aae47e6dc5314a87c027b0b0662fd0978d02b0bf8b4f6e0e6,b04c2ab86582a4205b54bd0d9c1e4066ed73e3c9aa8a0429a14f3a8b17a286b1
true_pair,40,40,0.1,validation,0.7332150907142594,0.8070175438596491,0.49122807017543857,2.2177175555312845,0.741013998658552,0.512280701754386,0.19491069695670893,0.6016179711583978,0.10882255019011838,0.4789473684210526,0.43508771929824563,0.3159332275390625,0.5783328300761543,/workspace/pair-aware/results_v3/bf16/validation_only/true_pair/lambda_0p1/split_40/model_seed_40,2afb325a9f59d384bc5db1ecdf9abd295b6ede00f44062a0fdf1c97fde58be88,eba541e086da6ecd98c3a80e231c0545343a71f3469d30a5a9cbcf10166b6dc7,cda10d0a5bd98b8fdfc5fa83e5af6da73433a71153c013f41c0811976cf6c4ae,bb43d0ad549b7e57213aab7dca185a96972dab5a6e0ad093afcd5ecde5eef177,f0ded334f37a245febbab88afc32fa7b793740ac37b826cd6b352e27d46750eb,b7d61f8a4bc730bb59c69c3d8c4938e1797666a284c2f7adc374e71a4dddffac,83969d9e72e46f755ed7d2890d66fae3ea7fc0d9f279a55de7310d2bfcc279be,d327e20620341da3abfd5102cfbd4c91d2214dffb068be30f16f3830fd346cf9
true_pair,40,101,0.1,validation,0.7489489489489489,0.8210526315789474,0.5263157894736842,5.516859824197335,0.7506807456783431,0.5298245614035088,0.22993682141504865,1.1278532198076783,0.2189629147492985,0.47368421052631576,0.5280701754385965,-1.734375,0.1500288243424251,/workspace/pair-aware/results_v3/bf16/validation_only/true_pair/lambda_0p1/split_40/model_seed_101,f3a36f469ed6d52fa41f0b7167b9f8bbe9709a5c38a569ad112c741ecc731f45,eba541e086da6ecd98c3a80e231c0545343a71f3469d30a5a9cbcf10166b6dc7,cda10d0a5bd98b8fdfc5fa83e5af6da73433a71153c013f41c0811976cf6c4ae,bb43d0ad549b7e57213aab7dca185a96972dab5a6e0ad093afcd5ecde5eef177,278a8863143928e5824a49552ef2b1b5c81861769cfea046e96dd88ffbe6f66b,7ce5ced164fc1c42a3d1b92b31d00d3a9070fd09cc82c8fbf3fb8c43b4f2573b,14cec72aaece2fb44d97a1379e241beaba2493ac1334489b45e6313c61ce07de,a7e9d3206b1a122b815fb745ebfb40f2f66c2bbda9cb32f91782e7ab3482fe5c
true_pair,42,13,0.1,validation,0.7771593746055884,0.8701754385964913,0.5789473684210527,5.836345926920573,0.7824534620309268,0.5894736842105263,0.19780609469033072,0.8706085129568388,0.1859078215036314,0.48771929824561405,0.4964912280701754,-0.52880859375,0.37079480746623256,/workspace/pair-aware/results_v3/bf16/validation_only/true_pair/lambda_0p1/split_42/model_seed_13,2e451c180827bff9219a88144e559946cb9b257b10377a1ca22ec30572bf5c69,eba541e086da6ecd98c3a80e231c0545343a71f3469d30a5a9cbcf10166b6dc7,ed69610d3f2362af391c11ab822fd3b66457fb8c748ace929b9726ba17378ec5,bb43d0ad549b7e57213aab7dca185a96972dab5a6e0ad093afcd5ecde5eef177,566a9dc207c7687a6dc2443233b79d91732faf3a5d4833dae61188193d78d4b2,150df633312f9ef06c93c5ca6c289dab71502dd76bdbc93452d2c06f78c96cfe,b423e4aa9ddfe70a4e051f7d6108eb656cbc1cbc2d00ae467dfba090818ac7de,e217d3426694138a7f09fed68c434ab1ae4fdd93887ee05d111d70bc6728eb5b
true_pair,42,40,0.1,validation,0.7747285998345046,0.856140350877193,0.5789473684210527,8.78856565241228,0.7806200524048661,0.5824561403508772,0.21736626008467846,1.496111187110705,0.21815034545027984,0.443859649122807,0.4807017543859649,-3.8828125,0.020177318322869998,/workspace/pair-aware/results_v3/bf16/validation_only/true_pair/lambda_0p1/split_42/model_seed_40,ee67d7c7dad54457bb029eb5365bf91d9bccc8d35bf9db6d001ead16b561b6b1,eba541e086da6ecd98c3a80e231c0545343a71f3469d30a5a9cbcf10166b6dc7,ed69610d3f2362af391c11ab822fd3b66457fb8c748ace929b9726ba17378ec5,bb43d0ad549b7e57213aab7dca185a96972dab5a6e0ad093afcd5ecde5eef177,e813d48237673d4fe270a48f00700994b2b81a7087aa772658d3b78beddc065a,771436bf2292926ff0f940e2ffeb7d6ed1066de7ae8de46551ac03f967d2a54e,265ebbb42581adce09abf21291d956b4b671e8ec247c657fe20f71cb04d0bec9,b3ad9158903f76b0b8c0529b034a1b9ce96ba90535da075e2bfdcd1724fcbf07
true_pair,42,101,0.1,validation,0.7734827223969614,0.8736842105263158,0.5684210526315789,6.123105554413377,0.7770770268314389,0.5789473684210527,0.20702709180655315,0.9620370310008491,0.20063362966921283,0.47017543859649125,0.47719298245614034,-0.3358154296875,0.41682631597332465,/workspace/pair-aware/results_v3/bf16/validation_only/true_pair/lambda_0p1/split_42/model_seed_101,53180ee70ee1e8956422a6c588fb20e02e0fa0ce8ce782a7020bc959d5d02c07,eba541e086da6ecd98c3a80e231c0545343a71f3469d30a5a9cbcf10166b6dc7,ed69610d3f2362af391c11ab822fd3b66457fb8c748ace929b9726ba17378ec5,bb43d0ad549b7e57213aab7dca185a96972dab5a6e0ad093afcd5ecde5eef177,532f5a43c30bb56c71e259831271690d23b86e6c11e8a090b6a3f59a5ee5fc76,f9688a8beaa143598651179455179ee710d5adacb1c13c8b2428e025e6d22f94,fe8a55e8e3421e2be7baeb5c1f079f6610a8d1ddf9052c7e99b14ff85c414a69,b54a855095716b165d8306b108ccea6809a9659b9042ebf2eaffdc6ab6744bc5
true_pair,73,13,0.1,validation,0.7757955865272939,0.8526315789473684,0.5719298245614035,7.5821271929824565,0.7894088669950738,0.6,0.2132617891967996,1.2575583760491187,0.21413169308415228,0.42105263157894735,0.4824561403508772,-4.03125,0.017442484736205348,/workspace/pair-aware/results_v3/bf16/validation_only/true_pair/lambda_0p1/split_73/model_seed_13,62e0ccef7387fdf2221e1006ce2266cdb82bfaa06eeee2417b1f2a7828d4758f,eba541e086da6ecd98c3a80e231c0545343a71f3469d30a5a9cbcf10166b6dc7,13da7362da5a91f87c78ef27ecce6939441c8b6b383319781bcd155a34ade1e4,bb43d0ad549b7e57213aab7dca185a96972dab5a6e0ad093afcd5ecde5eef177,8eaa5967cb6192b91f689ca899983a4607821bd43ec3efff70fd477a3726fd50,d0be9d614b44745d3627405a1a74a461c044031f74de5680118873a85df51aa8,17d4f321004eb58b427efb34a0a6524daa88416c88f064eee02fafda3f0ba8e6,ff0d25a48f9eeff2212875990ab333b8b3656ad176e20bb3ba33dcda923df7f6
true_pair,73,40,0.1,validation,0.7749703908409,0.8280701754385965,0.5719298245614035,6.612425044544956,0.7841301315663882,0.5894736842105263,0.2036557414360331,1.0285965917891209,0.19253460928026547,0.4543859649122807,0.519298245614035,-3.6640625,0.02498779459090032,/workspace/pair-aware/results_v3/bf16/validation_only/true_pair/lambda_0p1/split_73/model_seed_40,0f02fa0e11f248e5428a25b7d69091399cf989b5aa110ddd249ee1d53bb487dc,eba541e086da6ecd98c3a80e231c0545343a71f3469d30a5a9cbcf10166b6dc7,13da7362da5a91f87c78ef27ecce6939441c8b6b383319781bcd155a34ade1e4,bb43d0ad549b7e57213aab7dca185a96972dab5a6e0ad093afcd5ecde5eef177,a17eed45333e6bb61f9759e84e8a370d670e1400fdb0f3d6969c26b9d94022c1,502b4a60f29b724a9b79232e571b0fd4fcfcaffe094a57c8fea886db2d6cd801,d31e43b261a6d0a468e2e511fc0091f1277b665e8ebf3a0f7b8b72140a425bc3,13815b8534cec82c6e224878783b19c53d25b2ca91453b62fd54c35fc95264dd
true_pair,73,101,0.1,validation,0.7873731005546118,0.8491228070175438,0.5929824561403508,8.123891837136787,0.7925508290564548,0.6,0.20249124410479483,1.2589862193344086,0.20073619497720746,0.45964912280701753,0.4543859649122807,0.4501953125,0.6106856702424797,/workspace/pair-aware/results_v3/bf16/validation_only/true_pair/lambda_0p1/split_73/model_seed_101,51786c86ba7216a4101a51c75b69761e07920e36db3df9c4102bfb11d0199b40,eba541e086da6ecd98c3a80e231c0545343a71f3469d30a5a9cbcf10166b6dc7,13da7362da5a91f87c78ef27ecce6939441c8b6b383319781bcd155a34ade1e4,bb43d0ad549b7e57213aab7dca185a96972dab5a6e0ad093afcd5ecde5eef177,d0ec28187462f02b67cd1f528cca7c51a7aa044e7848b86132a4fcd67e10d534,0b035628afa7fa58349a982dff8a373532adae9705ea46f8a197d71e4325993d,a1163d3760f1a0a00f609ae0e657021d6d20567e17a35d5934315fde5fa007b6,58340a8ef9016d783d21a007e409b8d7ff5bd391d8001d825c0f7c65c156f305
true_pair,101,13,0.1,validation,0.7474054126083467,0.8526315789473684,0.5298245614035088,7.8075822796737935,0.7765320013953244,0.5824561403508772,0.23678962303678242,1.4461868782356337,0.2378317208975329,0.41754385964912283,0.5543859649122806,-6.109375,0.0022170130229473865,/workspace/pair-aware/results_v3/bf16/validation_only/true_pair/lambda_0p1/split_101/model_seed_13,90066c8b70b90053f1ebd614c49041274e844e7f01edebd553566e094c1f56e7,eba541e086da6ecd98c3a80e231c0545343a71f3469d30a5a9cbcf10166b6dc7,8fa1106caddcf6eb0c1bec78a171b8f03f4615d846c63b3bb037293829723f0a,bb43d0ad549b7e57213aab7dca185a96972dab5a6e0ad093afcd5ecde5eef177,8d8cc489cc610d46428f827cc0737a6fe7fb28f83496753fd87da2e7425e051c,45b42749e92aec53c67346bb3e33be5c1fc3940253b4d042a647b09867fedf43,e985ac066d833f80b3940c9edd7e8d763872ab62a644429eae6a188337eed6d9,ac33d4d7ebd6b1475eded81ea1e7df24c39cba6faff9bdb0a0897f07011ba524
true_pair,101,40,0.1,validation,0.752631774727523,0.8456140350877193,0.5403508771929825,2.8976918003015353,0.7813795236622332,0.5824561403508772,0.1868874866429759,0.5811030051190832,0.14003129649076615,0.41578947368421054,0.5701754385964912,-1.7578125,0.14706452045904775,/workspace/pair-aware/results_v3/bf16/validation_only/true_pair/lambda_0p1/split_101/model_seed_40,fad4cb4d97fe09835e98c43a67494fa407399736375caba75af3868d1b4c5039,eba541e086da6ecd98c3a80e231c0545343a71f3469d30a5a9cbcf10166b6dc7,8fa1106caddcf6eb0c1bec78a171b8f03f4615d846c63b3bb037293829723f0a,bb43d0ad549b7e57213aab7dca185a96972dab5a6e0ad093afcd5ecde5eef177,202f1080e7cf07e504cf7d18e1f1bd3b8867a6fe66036e53b53762f6d58d6494,e5f2510e10ee0709dd646696b204d85c895f98025a8b3a712966251828a6a1ca,29230052d3606fa95e0b1a64d40ab80d3cef6f59c82cba7dd3739ba82a7cba1e,7715a5762bc304346afb9a8edf68c9cc20c8bc273ffa7d0d26490072830a1126
true_pair,101,101,0.1,validation,0.770174731224165,0.8666666666666667,0.5824561403508772,5.676240723593193,0.7820025661271219,0.5894736842105263,0.20061751739472583,0.8481115273869774,0.19493382504716267,0.5017543859649123,0.5456140350877193,-1.564453125,0.17300858092675434,/workspace/pair-aware/results_v3/bf16/validation_only/true_pair/lambda_0p1/split_101/model_seed_101,6ec395e7ffcde3c3f2f8703266877e5f8a35819166a5baa58d087618d4727857,eba541e086da6ecd98c3a80e231c0545343a71f3469d30a5a9cbcf10166b6dc7,8fa1106caddcf6eb0c1bec78a171b8f03f4615d846c63b3bb037293829723f0a,bb43d0ad549b7e57213aab7dca185a96972dab5a6e0ad093afcd5ecde5eef177,7cf2796b5dccce3af22e79e098235976f2dfd33f3af1ddb50412aa12fd1c1b3b,78588884ee62f532e71eb30e73a5b53799ea9fa0002b596139b4476c217d960e,96a081f7d70bcbf7a08ec32edcb0b3787d59fafd645990ba2b257b1e0b016867,5fe966c8668ef9c730518d69005782749244a9f7f58ecdafb6aa8d225dc6edb9
true_pair,13,13,0.25,validation,0.7971963281861525,0.8701754385964913,0.6210526315789474,8.785561437774122,0.826315254894598,0.6736842105263158,0.1894385882652241,1.1543248591189317,0.19224667974926155,0.4280701754385965,0.4982456140350877,-4.65625,0.009412589587609826,/workspace/pair-aware/results_v3/bf16/validation_only/true_pair/lambda_0p25/split_13/model_seed_13,778b8367563e67d9c74d7f765478178740dd55e344545c9dc27903f657806844,81aff78fbb6a6de616043ad16eb1d42bff58154ccdf6bde5d93175158eb8df8d,0408158bfbf5a1ca3328d04ddad80f5c3e933f8182d3f4e6e18871b17bfb46e2,bb43d0ad549b7e57213aab7dca185a96972dab5a6e0ad093afcd5ecde5eef177,2482d692fd28353d6771886f909206541ad26bf2fe76c1bc7169c7b8f10f634b,aea9835f9bda5f359b5b4a1e4781d7e3130ff63d6281ca6a7f96783e6473236b,f26c43cb1899ed45c2f5e988d9cd9fd96cb97197eb79507ba288419527224594,9fc4d8b5e2c0b1e37042c7f0863d94e36c8e8f3b7ff53e51d9d2f963990197c0
true_pair,13,40,0.25,validation,0.7940465271408321,0.8842105263157894,0.6105263157894737,9.4472377308628,0.8122107648585654,0.6421052631578947,0.19651976276360142,1.2341246025705626,0.1978064878699098,0.4421052631578947,0.519298245614035,-4.921875,0.0072327638034790495,/workspace/pair-aware/results_v3/bf16/validation_only/true_pair/lambda_0p25/split_13/model_seed_40,c8c9167cdab80530f1b420d8b8cf0a1c8e682e792b5cc64ffb2e9754d39b010e,81aff78fbb6a6de616043ad16eb1d42bff58154ccdf6bde5d93175158eb8df8d,0408158bfbf5a1ca3328d04ddad80f5c3e933f8182d3f4e6e18871b17bfb46e2,bb43d0ad549b7e57213aab7dca185a96972dab5a6e0ad093afcd5ecde5eef177,79fe451b8dc4bc14a020ab5143983193cb6947b92e12e5182eec6ccd1351bcda,8b84227d75d54178ad3b504146c20e5fbb435351c62c27d40f99aaed04ecdce9,990bf3ef5737f9f5a95c3f90085944f618ff0ac7fde23ec46572e111a184d9d8,fc8185787358dfcbfc9d5d9edd384006807f3238fcde88c6aaf57376c9f86c49
true_pair,13,101,0.25,validation,0.7946603690509546,0.8631578947368421,0.6070175438596491,7.342311711896929,0.8034869976359338,0.6280701754385964,0.1912889267279208,1.0109022166350814,0.18585070365011797,0.4807017543859649,0.5105263157894737,-2.328125,0.08882029240011773,/workspace/pair-aware/results_v3/bf16/validation_only/true_pair/lambda_0p25/split_13/model_seed_101,387dc136018c50b040622262cc4587f37dcd4e2ef11f9230ed6efa603be0a97a,81aff78fbb6a6de616043ad16eb1d42bff58154ccdf6bde5d93175158eb8df8d,0408158bfbf5a1ca3328d04ddad80f5c3e933f8182d3f4e6e18871b17bfb46e2,bb43d0ad549b7e57213aab7dca185a96972dab5a6e0ad093afcd5ecde5eef177,1d4542146a831d8bed14a36b4a5e8bcb200779eb0535e84a69b7ffd88b29345d,3d5dfe1422cc3619567dafdc59d6129bc5938c4e7601b7f8600d6b5ab2bd74c5,33ac2f62b9d24d035e71afa8ff2b9b1281896be8fd719ae5a2d854ee5961e7f0,0cee0f06194ac2afdb7d6b4e90b0b985fff52c43c4071aef65a27c2f826c13f8
true_pair,21,13,0.25,validation,0.7769946181737526,0.8631578947368421,0.5754385964912281,2.728418825383772,0.7911194188420569,0.6035087719298246,0.16084288893403884,0.5009574080845008,0.07282003424534367,0.47017543859649125,0.5228070175438596,-0.6962890625,0.33263550333727926,/workspace/pair-aware/results_v3/bf16/validation_only/true_pair/lambda_0p25/split_21/model_seed_13,7f067541c2507e6b2e4ba1005ba20e037a1b6bc70096004b530dc0ad6048738e,81aff78fbb6a6de616043ad16eb1d42bff58154ccdf6bde5d93175158eb8df8d,ca3ef356e825e341ddf0a4066037de4a278a1671b324c5e6048a65ae99638be7,bb43d0ad549b7e57213aab7dca185a96972dab5a6e0ad093afcd5ecde5eef177,239058144a2963ccdf397206a410f3926d21f08789224b323aaedda642af38b0,618eb0214168abe278988ed9c1d46c7fc8d68bb159cb4550f367d6534ec62764,a16cf86d7ab8e80747f0c1a3ca9dbe63537a4910140ecc0272791f61c8155fc7,7ec522fcbadc16d54b21d29b187f6d5c4fe6b16761f19f5df98f8214eefb7474
true_pair,21,40,0.25,validation,0.7748954078169544,0.8491228070175438,0.5754385964912281,5.978197171395285,0.7816793515864386,0.5859649122807018,0.19829533723341428,0.9043883155677884,0.18576061127191637,0.45087719298245615,0.44035087719298244,0.3818359375,0.594315832308526,/workspace/pair-aware/results_v3/bf16/validation_only/true_pair/lambda_0p25/split_21/model_seed_40,14573bb28b33c5e0a7444b0b59a1ac6a31d6b10cc3e3df8d53fc60d3a30fe3da,81aff78fbb6a6de616043ad16eb1d42bff58154ccdf6bde5d93175158eb8df8d,ca3ef356e825e341ddf0a4066037de4a278a1671b324c5e6048a65ae99638be7,bb43d0ad549b7e57213aab7dca185a96972dab5a6e0ad093afcd5ecde5eef177,ecc31c8fbc93471cd0b40fab0822971fcb9760b324daa507a0e4af717926d216,e02ff570ebe6616e093100c37c102f4a41b7543ff1d6a093eea3e4a472f2f254,8e6eb98a964bdb30e99fcb1f256c49c91ac84f78e9f324ef5fa31c9c232d0168,ff3952f12fc0623d7664fc0afbd63e0fb8a90da8ea816c04dd87e8a917879c6c
true_pair,21,101,0.25,validation,0.7712087342069187,0.8526315789473684,0.5649122807017544,4.7439171339336195,0.7752144335995268,0.5614035087719298,0.19104422441402616,0.7201444603135907,0.16353965680536217,0.443859649122807,0.46842105263157896,-0.609375,0.35220178204788966,/workspace/pair-aware/results_v3/bf16/validation_only/true_pair/lambda_0p25/split_21/model_seed_101,f177342cb27cbbf3bfea6d5f0e5d268d4a19f75d77f44f6465cb4bb6a1b2c525,81aff78fbb6a6de616043ad16eb1d42bff58154ccdf6bde5d93175158eb8df8d,ca3ef356e825e341ddf0a4066037de4a278a1671b324c5e6048a65ae99638be7,bb43d0ad549b7e57213aab7dca185a96972dab5a6e0ad093afcd5ecde5eef177,a811e9943def6600518af5962c00290e8f61a9816c2bec8ba2eef1ee8cf88665,cd3f9eb15f151984a91e6c97ac2401ba880e290cc783b437b4ac133bd8ffb100,389d1a531997d67249d57640ee78bd87698f053009ede0657efad64b3363bdca,28d25380db911a252645556f0d898c05a018ec8a7d5fd7db52d82426944e523b
true_pair,40,13,0.25,validation,0.7394237422160719,0.8421052631578947,0.519298245614035,4.5794517115542765,0.7431481481481481,0.5228070175438596,0.22178181852572698,0.8822007129415422,0.19830261186005,0.5596491228070175,0.5526315789473685,0.095947265625,0.523968431689128,/workspace/pair-aware/results_v3/bf16/validation_only/true_pair/lambda_0p25/split_40/model_seed_13,c3ceb77236a5a326058dedccf6bb2cecd56943302c65fb87fc042364d818e25c,81aff78fbb6a6de616043ad16eb1d42bff58154ccdf6bde5d93175158eb8df8d,cda10d0a5bd98b8fdfc5fa83e5af6da73433a71153c013f41c0811976cf6c4ae,bb43d0ad549b7e57213aab7dca185a96972dab5a6e0ad093afcd5ecde5eef177,2bd484a329b26af81c150291124bec4a26ac4e7101488468e192380dfb4b3813,c5ca595791c6afaffce817e6be4a135152241a51a38e2c263c4fd52680d8360e,bab91f13c31f8c036ba71d72c232d201b6bcbac9b43e6704a048c56c7a16edf6,0d2762c6f586c934fe59857b5f93a7b84c28762356b7731409c4400902796915
true_pair,40,40,0.25,validation,0.7239419935774638,0.8035087719298246,0.47719298245614034,2.4582639861525153,0.7313399730754657,0.4842105263157895,0.20513370319604352,0.6374770205142882,0.14131779129948902,0.45263157894736844,0.47017543859649125,-0.232177734375,0.44221491612229624,/workspace/pair-aware/results_v3/bf16/validation_only/true_pair/lambda_0p25/split_40/model_seed_40,7349f1bc6898cee89b87deb5e21efda371c52c9f359bd417c4b19cc9287bc4cb,81aff78fbb6a6de616043ad16eb1d42bff58154ccdf6bde5d93175158eb8df8d,cda10d0a5bd98b8fdfc5fa83e5af6da73433a71153c013f41c0811976cf6c4ae,bb43d0ad549b7e57213aab7dca185a96972dab5a6e0ad093afcd5ecde5eef177,d703322e69d4d9938d369260038d75ce95c2f7e44ba95eef8f051918b2416c14,5bc2afd0684af86d41b05e1ff4ca5a9d618fea6fb42baf0cc3faf2c3ec31e36d,e7ce989596babffc4c207f69aa4d55799b2ab82443ec2d69e8e896da17d369e9,49be48ff085b1b9fb5c7036a852431ebce8f492afb9ee5eb5f6e6a084c4b2025
true_pair,40,101,0.25,validation,0.7536094060689894,0.8280701754385965,0.5368421052631579,6.7144425910815855,0.7608263708055141,0.5508771929824562,0.23480152333499016,1.400942627852529,0.23063298351458927,0.443859649122807,0.45087719298245615,-0.4482421875,0.3897787829120459,/workspace/pair-aware/results_v3/bf16/validation_only/true_pair/lambda_0p25/split_40/model_seed_101,5ae8816121c6b79fc10d865c33f2e695362175b3b470dc1706f005427a1594b9,81aff78fbb6a6de616043ad16eb1d42bff58154ccdf6bde5d93175158eb8df8d,cda10d0a5bd98b8fdfc5fa83e5af6da73433a71153c013f41c0811976cf6c4ae,bb43d0ad549b7e57213aab7dca185a96972dab5a6e0ad093afcd5ecde5eef177,211777b341897e9642148b68b65876347f2989a082cfd649a197830f88c1f93b,0064d15e1f52aece876c195dd46764c0d09e9d40ffd480c2a8969b9277b49951,fd727da1dc101903e2ecd6e1bee74562c691a0ba3c2dedd2114b833679b4d621,3e84e546fd67b7d60d2de0a4a50d89f4c85aea879755ab317be6cbfc3782654d
true_pair,42,13,0.25,validation,0.7726197433970666,0.8736842105263158,0.5754385964912281,8.287121367872807,0.7894710922879937,0.6070175438596491,0.21700979401277468,1.337138454863569,0.21708465779040365,0.43157894736842106,0.4964912280701754,-4.4375,0.011687257995694433,/workspace/pair-aware/results_v3/bf16/validation_only/true_pair/lambda_0p25/split_42/model_seed_13,b17f3c39bf09ab1fe870bd8f73fa574e8fd0f242b92b5498c5b34b59f9ecd96e,81aff78fbb6a6de616043ad16eb1d42bff58154ccdf6bde5d93175158eb8df8d,ed69610d3f2362af391c11ab822fd3b66457fb8c748ace929b9726ba17378ec5,bb43d0ad549b7e57213aab7dca185a96972dab5a6e0ad093afcd5ecde5eef177,3a474ef53e43ecd893dbe75d305064bb34d2d2bd476f0f2693cba56ae36997d2,300a9c0ccc712f37dcfe55d790eb73bbbd7a74f46bbd94959230caa3912efa8e,eaf9062f37f86193714c1f1da455729930a5d091f28a2dea7d40c0e04ecedaa6,6846b32deed41c10000b258cdf057dd4ca6b3e12bf2eb9af29ca7a63623449a3
true_pair,42,40,0.25,validation,0.7730128203149358,0.856140350877193,0.5649122807017544,6.859106124074835,0.7859543714064097,0.5929824561403508,0.21191231042758799,1.1194005334876773,0.2094776546415137,0.4456140350877193,0.49298245614035086,-2.6640625,0.06512754683962352,/workspace/pair-aware/results_v3/bf16/validation_only/true_pair/lambda_0p25/split_42/model_seed_40,00092d45064dbc9336cb05c0fdbb05a70ab2b00812c5eb6ec55fcea9d7de9daa,81aff78fbb6a6de616043ad16eb1d42bff58154ccdf6bde5d93175158eb8df8d,ed69610d3f2362af391c11ab822fd3b66457fb8c748ace929b9726ba17378ec5,bb43d0ad549b7e57213aab7dca185a96972dab5a6e0ad093afcd5ecde5eef177,10d40d9d45b8ff92f8d47699b968e3ba92af788f54cf9d4582b2ca93d7d4b92a,c1e617bb81cbe35508b87bd5de535614f7e03928563c124d58f35d6753c5a909,1e9de9be4cfa80a61387caf49be0c4050a9513838cef2519d705e8feeec83b07,9ed9b71856a632ad359818b1330ae9e291a067698552ce87b99a943e3803193c
true_pair,42,101,0.25,validation,0.7732480148022511,0.8807017543859649,0.5649122807017544,5.309307325932018,0.7859543714064097,0.5894736842105263,0.20363582003319441,0.8460380673781788,0.1962166010894805,0.45614035087719296,0.49298245614035086,-1.392578125,0.1989964928218425,/workspace/pair-aware/results_v3/bf16/validation_only/true_pair/lambda_0p25/split_42/model_seed_101,05fa78aced266bbbd1af59146e274c9ff15ea8287127b781a3f5b33afbcc1a06,81aff78fbb6a6de616043ad16eb1d42bff58154ccdf6bde5d93175158eb8df8d,ed69610d3f2362af391c11ab822fd3b66457fb8c748ace929b9726ba17378ec5,bb43d0ad549b7e57213aab7dca185a96972dab5a6e0ad093afcd5ecde5eef177,931f25b09e0430f21f084f598a4ec882bde5cbd9ce2bd9a52189ea0251c06387,292b19e7548e566b314dbe94b34315f1e401a757eb549936115ac4f50004273e,8cfa696e0bcacac95b016d016ec381a341951309de7090497502a46d0d5304a0,0240116884a3e5f9fdc672a1f2bb82f23283d3bff8bd910c09edfdfeee1fe927
true_pair,73,13,0.25,validation,0.782413279316332,0.8456140350877193,0.5964912280701754,7.089013564795779,0.787702962677953,0.6035087719298246,0.20510309487994544,1.1239354397305756,0.20244551478144562,0.48596491228070177,0.5087719298245614,-1.671875,0.15817435274843167,/workspace/pair-aware/results_v3/bf16/validation_only/true_pair/lambda_0p25/split_73/model_seed_13,a0e062312d1237935146e57e5c3656f91e189bb091b2561f473d170e23da6be5,81aff78fbb6a6de616043ad16eb1d42bff58154ccdf6bde5d93175158eb8df8d,13da7362da5a91f87c78ef27ecce6939441c8b6b383319781bcd155a34ade1e4,bb43d0ad549b7e57213aab7dca185a96972dab5a6e0ad093afcd5ecde5eef177,1a7a9c35a90fa4955aa51eac1f5ed876a7d669c4f81c6bd9c49b91a8aec193bf,b20c281122ff1e475710e46a0e583286e2f4a95840a2857922c9b7f9eddf1287,6a7dcd2821af5f9b8b850e2560edcad8f5a7e5297c5acdf0d4b3078fc37d0b0e,f0a80ab9071feee88f453a9fb2bbf8ec52a9d192ab89494f2d5249a786341bfa
true_pair,73,40,0.25,validation,0.7839704935308237,0.8315789473684211,0.5859649122807018,6.478465083607456,0.7875721875721875,0.5929824561403508,0.2005498919726062,0.9766854227938209,0.1915235550611974,0.4666666666666667,0.47368421052631576,-0.560546875,0.36342093284069976,/workspace/pair-aware/results_v3/bf16/validation_only/true_pair/lambda_0p25/split_73/model_seed_40,397fe565e6279da3ab862cd8fc30f972153cb8032f06d75bc48f0178273e0623,81aff78fbb6a6de616043ad16eb1d42bff58154ccdf6bde5d93175158eb8df8d,13da7362da5a91f87c78ef27ecce6939441c8b6b383319781bcd155a34ade1e4,bb43d0ad549b7e57213aab7dca185a96972dab5a6e0ad093afcd5ecde5eef177,2ac3c988c05fb7f0affaa9ce83b75ad4e52225f65822074c5d70d5fac9cc4019,f2181b83e211db2e6343f2a17fc63565e89b6f06c612cf1d2d8517bf5bf5b3c5,1fcc9d097c6a09e294b7a5a403904592efcef53da13ff8a77087b3d415f8904c,0cae5d444246473c839287f456fea6055d97cb991c17ac177295cd67d06e21e3
true_pair,73,101,0.25,validation,0.7501753155680224,0.8385964912280702,0.5263157894736842,2.648071074904057,0.7824534620309268,0.5894736842105263,0.18299034039689757,0.5899591259385046,0.12509468864520024,0.3701754385964912,0.4964912280701754,-1.220703125,0.22781273730449897,/workspace/pair-aware/results_v3/bf16/validation_only/true_pair/lambda_0p25/split_73/model_seed_101,2f6be43acc3614e795753bc563459b3a4d789bedd5297fec57ed50cfb1ff3175,81aff78fbb6a6de616043ad16eb1d42bff58154ccdf6bde5d93175158eb8df8d,13da7362da5a91f87c78ef27ecce6939441c8b6b383319781bcd155a34ade1e4,bb43d0ad549b7e57213aab7dca185a96972dab5a6e0ad093afcd5ecde5eef177,0ec8726caf37774cdbb7331d7d2b8d03b111e4875796dc84dd62efbdec1d77f8,cf9c825f7b4a1869da97e6b4a3c6f9d7aab97a68705208108d1244df1c2c6fb0,633dcbcfc6ab5a49c47d04e20855b9c92e66cf385c6556d6bdc2d5887cccce10,51f7d71ea0ed895817c6c876bed9c2b5582426447dd3f1dac6d11143f66447db
true_pair,101,13,0.25,validation,0.7621557130537723,0.8456140350877193,0.5614035087719298,5.871280496162281,0.7842098621417732,0.6070175438596491,0.20715689360086537,0.8688340439475621,0.19580076939516236,0.43508771929824563,0.4982456140350877,-1.87109375,0.13341521726397837,/workspace/pair-aware/results_v3/bf16/validation_only/true_pair/lambda_0p25/split_101/model_seed_13,d055e8492ec9ba190e8bb3139bed837159291a10499c96bc9fc42811f48a7018,81aff78fbb6a6de616043ad16eb1d42bff58154ccdf6bde5d93175158eb8df8d,8fa1106caddcf6eb0c1bec78a171b8f03f4615d846c63b3bb037293829723f0a,bb43d0ad549b7e57213aab7dca185a96972dab5a6e0ad093afcd5ecde5eef177,0c093ae1a8428623606a434c6e94355368277b19c0d89d6869151bce95678676,06b2a25a99987c1899d1f43779d0d00e0e023fe95bc0a895021b707df36f842e,949de57b5fbc00d42bff0e3249d496274f92622e641b6781325245702597e0f4,9238f30bc65ce27734cb282bdba5a9c29cc55453fdae1ee8dde51d9e908fb5a2
true_pair,101,40,0.25,validation,0.7688600251972599,0.8596491228070176,0.5754385964912281,7.9069978412828945,0.7947362103299795,0.624561403508772,0.21734988884444967,1.3027469001384153,0.21724839620199965,0.4245614035087719,0.5017543859649123,-4.40625,0.012053779516236445,/workspace/pair-aware/results_v3/bf16/validation_only/true_pair/lambda_0p25/split_101/model_seed_40,125668c6294ae41d4cdceba99796ccad7f861891641acc9eed038bbec36e2edc,81aff78fbb6a6de616043ad16eb1d42bff58154ccdf6bde5d93175158eb8df8d,8fa1106caddcf6eb0c1bec78a171b8f03f4615d846c63b3bb037293829723f0a,bb43d0ad549b7e57213aab7dca185a96972dab5a6e0ad093afcd5ecde5eef177,a26b2a31c393bde680a6a86e3ed73a9a713b2ca930238dbfb25532a4b0c7c738,ccd14c1100170b00aff5e6a42f58a9eb6f272792637f9a227612c87c81d10a52,bc3474237c6d301df4a0849c5c263fc0db5f6604025739cc0a586d11b9eadd9d,1071a13da44259c73b192218e1446ba305a4da92d2fc5dde36af0b046b17e699
true_pair,101,101,0.25,validation,0.7673872180451128,0.8385964912280702,0.5649122807017544,2.426622691907381,0.7789446469023933,0.5754385964912281,0.16926451910348525,0.5194231314607147,0.09726548657847149,0.43333333333333335,0.5035087719298246,-0.60986328125,0.3520903859453057,/workspace/pair-aware/results_v3/bf16/validation_only/true_pair/lambda_0p25/split_101/model_seed_101,5b4530a745fe2cba29ffe6e4037188b708d5912699e6333cef1551003d30a6dc,81aff78fbb6a6de616043ad16eb1d42bff58154ccdf6bde5d93175158eb8df8d,8fa1106caddcf6eb0c1bec78a171b8f03f4615d846c63b3bb037293829723f0a,bb43d0ad549b7e57213aab7dca185a96972dab5a6e0ad093afcd5ecde5eef177,766bb6bf30a4d42aaa9127071afb2f2a25e64745c47b939e43d9cfc210501620,7b12fba06be2421969e84685a9111edc591ca83e6c981cb2fed2f7a61c0d9810,69f686230b2aab21b3b53a9e361d633ccd7818ac2c8eed9f00056a8bb38bcbc8,6dd148fefe36c805b4c2454d16e385b1a6ddd498fcd80835873b7b5bd4163cd7
true_pair,13,13,0.5,validation,0.7767635494564799,0.8771929824561403,0.5754385964912281,2.361735347279331,0.7784864784840111,0.5789473684210527,0.16901981095396137,0.5210705222359778,0.08228307588690409,0.45614035087719296,0.4543859649122807,0.0478515625,0.5119606084565302,/workspace/pair-aware/results_v3/bf16/validation_only/true_pair/lambda_0p5/split_13/model_seed_13,f0de8dcb9714517d89f73288b52574c371e6b457748a0d044856bb99c5b9e9f3,d96752aef203095472130057c7e4d16b56e8b3c22646d8f7fade12fd47bcfd78,0408158bfbf5a1ca3328d04ddad80f5c3e933f8182d3f4e6e18871b17bfb46e2,bb43d0ad549b7e57213aab7dca185a96972dab5a6e0ad093afcd5ecde5eef177,f6a31068105b21d7f2789b543631bcc86e37e7f15247fa899cd80578d535cc2f,a42899220f9f6c7400813ffbbfda5cd826d60d1d82a7369fc4f648ab735ad1e4,a90bccb307df14bfb56e2c0a3749ad345203ce66c82a67cd75c7ace73aad2779,eb654aa5c608d5e32d7e1a5a6a418e7a48680d0a9765027c4b470bdd4caa0ad5
true_pair,13,40,0.5,validation,0.798140614847366,0.887719298245614,0.6210526315789474,2.5369562517132676,0.8034482758620689,0.6280701754385964,0.1545015079868012,0.4823802220748689,0.08005558697871172,0.47719298245614034,0.4824561403508772,-0.064453125,0.48389229459025357,/workspace/pair-aware/results_v3/bf16/validation_only/true_pair/lambda_0p5/split_13/model_seed_40,dfd72b80ddbdab362cbad5234dcbf354debd4ae9fb0cf9f8eea8a6dd1aec11ec,d96752aef203095472130057c7e4d16b56e8b3c22646d8f7fade12fd47bcfd78,0408158bfbf5a1ca3328d04ddad80f5c3e933f8182d3f4e6e18871b17bfb46e2,bb43d0ad549b7e57213aab7dca185a96972dab5a6e0ad093afcd5ecde5eef177,54e562528f8147b77e2855a54166438a6590c6170ed8a5d215c3bc6d438ee801,2b54585e75447c4b5fac81f2bded25dc1194917314bacdf638c00b538288c51e,f3506542389d83fb6de53191478a94d34322a1e8dbdacb3e317dc88cfab1656e,35e39b7eed17ef8b925cbec70c43a588f5892ac6b73a0ab973995ee4f7d39568
true_pair,13,101,0.5,validation,0.7927272727272727,0.8912280701754386,0.6035087719298246,5.160916057385896,0.7944578513772156,0.6070175438596491,0.18787950909450934,0.7746593824302808,0.17301876925038057,0.4649122807017544,0.4631578947368421,0.09375,0.523420348936324,/workspace/pair-aware/results_v3/bf16/validation_only/true_pair/lambda_0p5/split_13/model_seed_101,10b9936b50ddf5af9f88c5a0534877a115f6035912594e01b65667cc9faa9a87,d96752aef203095472130057c7e4d16b56e8b3c22646d8f7fade12fd47bcfd78,0408158bfbf5a1ca3328d04ddad80f5c3e933f8182d3f4e6e18871b17bfb46e2,bb43d0ad549b7e57213aab7dca185a96972dab5a6e0ad093afcd5ecde5eef177,47f6cd2cbda689d60abfcf4f38b40220c55a24d6b30a199099db052a03d088e5,eac70f8e08bce9551e2178ca9d5a1380317d08f30da9ffe7c0c1fe478b74b570,083919478b7fd28ff62b7d89287a4f1247c6f9dacf33938a60de3c1a50804056,37fa1d130b17484d12dc5cf16812dcad48933c59beefbdfa96fd89b9500cae72
true_pair,21,13,0.5,validation,0.7901422874274099,0.8842105263157894,0.5894736842105263,8.304132829632675,0.799516222586975,0.6105263157894737,0.202335915375742,1.2623292832726385,0.20446156601076693,0.4280701754385965,0.45087719298245615,-2.70703125,0.06255973078843141,/workspace/pair-aware/results_v3/bf16/validation_only/true_pair/lambda_0p5/split_21/model_seed_13,82db56e5c8ededaf10f242ec415c6b2a4e6896dd82a0acbdae0aee2baaf528d2,d96752aef203095472130057c7e4d16b56e8b3c22646d8f7fade12fd47bcfd78,ca3ef356e825e341ddf0a4066037de4a278a1671b324c5e6048a65ae99638be7,bb43d0ad549b7e57213aab7dca185a96972dab5a6e0ad093afcd5ecde5eef177,875b932ddd3ec03e14416a641b4f7126e93244a1123c57ff69c756b6be98121d,bc031933974b599f7aa06f5fb428be5af12d86e97caea22a2770ccb31f87c0a4,5932163a4179b9776e050b812241d85d12825ac1ea84cc5e0bb1f0c9b3d22f57,90464e6518bfc2ef96fd620245c7c2c4874ce313957b946571c824081c041141
true_pair,21,40,0.5,validation,0.7714543031977892,0.8596491228070176,0.5578947368421052,5.67841796875,0.7876088208394025,0.5859649122807018,0.20202688209924474,0.9012590096720052,0.19753339706022402,0.4543859649122807,0.47719298245614034,-0.7021484375,0.33133606382131414,/workspace/pair-aware/results_v3/bf16/validation_only/true_pair/lambda_0p5/split_21/model_seed_40,4ecd5e7a819d8fc7b7946597b0ac16ec9d9aea6c8ea75fc691faf3e9b9ce5d60,d96752aef203095472130057c7e4d16b56e8b3c22646d8f7fade12fd47bcfd78,ca3ef356e825e341ddf0a4066037de4a278a1671b324c5e6048a65ae99638be7,bb43d0ad549b7e57213aab7dca185a96972dab5a6e0ad093afcd5ecde5eef177,3bb0df1c9ae0006afeac94b53eac6b603e673b2722fcb2c094fe78dcbaae9325,4eb0f5b0513ae4f8a8ed552add1df30d4be81c6e1fc520183429b448d7f33f87,df032feec8b46ad2fd0dacb3bb781f67bbcbf2e02334111109a9f6029ce3b05b,7f6c385a4c165bed0813703b86d1a0b9dfbcc82674077dfc0b7c62543c6ba425
true_pair,21,101,0.5,validation,0.7719992930210636,0.8596491228070176,0.5614035087719298,7.254088284676535,0.7823596792668958,0.5789473684210527,0.21542195512132237,1.2097258228679197,0.2130236315862058,0.41403508771929826,0.5210526315789473,-4.875,0.007577241267860809,/workspace/pair-aware/results_v3/bf16/validation_only/true_pair/lambda_0p5/split_21/model_seed_101,056a3ef836133606ed3bb589d3c6cedf929a508349242347e999039e33cececc,d96752aef203095472130057c7e4d16b56e8b3c22646d8f7fade12fd47bcfd78,ca3ef356e825e341ddf0a4066037de4a278a1671b324c5e6048a65ae99638be7,bb43d0ad549b7e57213aab7dca185a96972dab5a6e0ad093afcd5ecde5eef177,2930f0ec55fd7aa845062afef7a3de21593f18edac7d2ab6ce205f332bcd67e0,80798066490bef310b36d43d8249a05a0d1c7fb6d9ab04f7efd997f609dab36c,4acb4f49df897844781794022478cd1f6c038a640cc29a83577f79df4d62ec76,771246366fa95160ca10c077578635d12239ef5834af46654019a3d23048a535
true_pair,40,13,0.5,validation,0.7543375734216651,0.8491228070175438,0.5298245614035088,5.120070286800987,0.7578917561311928,0.5403508771929825,0.21549778484470503,0.93546547381495,0.1904921077836396,0.5140350877192983,0.4964912280701754,0.245361328125,0.5610344382969988,/workspace/pair-aware/results_v3/bf16/validation_only/true_pair/lambda_0p5/split_40/model_seed_13,882b59d808454c56d6c5a8ffcf70eea1e052a536ac22157008307d7ca4b76247,d96752aef203095472130057c7e4d16b56e8b3c22646d8f7fade12fd47bcfd78,cda10d0a5bd98b8fdfc5fa83e5af6da73433a71153c013f41c0811976cf6c4ae,bb43d0ad549b7e57213aab7dca185a96972dab5a6e0ad093afcd5ecde5eef177,bf6f3c64ada8d27d350005e6a427e2aa8fd95ea14f3a4855e728117ebe933966,1515875bb697dc4a15d336a46900622356b86d72ee7e13f1b436ce1576912115,0bfd66c74bcf6621aa42029efd4bf55059561ba391f2fdff7373ff59e4095812,2de64d9ad2737d19a3eee7bd9df4342642a8f0573b6b1003d436ce02469cfa75
true_pair,40,40,0.5,validation,0.7208272886210616,0.8105263157894737,0.47017543859649125,1.7149838096217105,0.729261251480458,0.48771929824561405,0.2014902158410892,0.6044778196457994,0.1036470657583275,0.41578947368421054,0.4543859649122807,-0.23291015625,0.4420342639489168,/workspace/pair-aware/results_v3/bf16/validation_only/true_pair/lambda_0p5/split_40/model_seed_40,08bec585219ce376c66d8402495b7e526239cc757bfd3123a33c532f7c0dce01,d96752aef203095472130057c7e4d16b56e8b3c22646d8f7fade12fd47bcfd78,cda10d0a5bd98b8fdfc5fa83e5af6da73433a71153c013f41c0811976cf6c4ae,bb43d0ad549b7e57213aab7dca185a96972dab5a6e0ad093afcd5ecde5eef177,8027a44f44496a51cf3098edab719d5c467d43ff7a0b352402a036e40a3d6a82,0492e66ba1963faabc19e8272328bf8a848689c1d861e57b100e7a9ce53c8584,23d07028d9854e37390175e45200525dd24bb78331961e6ae26f6f75c1a43d97,a06ef62da4315fa269dbc41933abd787dc1e11a18624f185d2070351c3359c25
true_pair,40,101,0.5,validation,0.7315852086844453,0.8385964912280702,0.4982456140350877,6.562527840597587,0.7456069881898852,0.5333333333333333,0.24817507968528957,1.4305335845825426,0.24634372219395007,0.4192982456140351,0.49473684210526314,-3.3359375,0.03435868933300903,/workspace/pair-aware/results_v3/bf16/validation_only/true_pair/lambda_0p5/split_40/model_seed_101,2e58edaee3e9f2d57d3e2062848f03abdf8ee18810ed0d791abf22d751e85e22,d96752aef203095472130057c7e4d16b56e8b3c22646d8f7fade12fd47bcfd78,cda10d0a5bd98b8fdfc5fa83e5af6da73433a71153c013f41c0811976cf6c4ae,bb43d0ad549b7e57213aab7dca185a96972dab5a6e0ad093afcd5ecde5eef177,588ecdb7f29e25e1a63c441ccea7cb758a361ed43319117cdc9e915b9f214dd1,e4bd951201e5744d591e50c68f0096f982f39e3a31c2f20b577c4bd2dfddcaf6,7baa4a8d10a9c537eedfba5559ac5fad2d6de05c69133f6ecd53d4f15363d973,a3de914fd28a073287a4b1dd9dd2c181d3d25fc3ed63f814cfbe13702c4b3b73
true_pair,42,13,0.5,validation,0.7783333333333333,0.8701754385964913,0.5754385964912281,7.172497772752193,0.7838586063489029,0.5859649122807018,0.208225098886651,1.089586635037479,0.20216799797320806,0.4473684210526316,0.45964912280701753,-1.212890625,0.22918998783130135,/workspace/pair-aware/results_v3/bf16/validation_only/true_pair/lambda_0p5/split_42/model_seed_13,f061b4eeea632347f1c6c87cefc42672095733341e25b3443ffce45186b2e228,d96752aef203095472130057c7e4d16b56e8b3c22646d8f7fade12fd47bcfd78,ed69610d3f2362af391c11ab822fd3b66457fb8c748ace929b9726ba17378ec5,bb43d0ad549b7e57213aab7dca185a96972dab5a6e0ad093afcd5ecde5eef177,0cbb7ddfd3a1758a14bdb3cb2e20f4de88c8828b78096aedb0f14428b26ee2b2,5a592c595b0455153e54f7ce44810c1097a55a901e71d5d3e2fa68a2097729fe,77693f9e3a4b76dfcaca7612676da25a8069e42a10885084aab88cbcd3ae7536,29a100701211e3f9dea65905e53786b78d1efb7009d25816e233d0778da755a0
true_pair,42,40,0.5,validation,0.7675941484629831,0.8842105263157894,0.5649122807017544,8.257415503786321,0.7858990147783251,0.5929824561403508,0.21904202599148617,1.3910065800759783,0.21593521043012673,0.44035087719298244,0.4824561403508772,-3.6796875,0.024609928625961938,/workspace/pair-aware/results_v3/bf16/validation_only/true_pair/lambda_0p5/split_42/model_seed_40,6382d1d0412421631910593c65377824381530919d44e0258ed81d4e3f89cc7c,d96752aef203095472130057c7e4d16b56e8b3c22646d8f7fade12fd47bcfd78,ed69610d3f2362af391c11ab822fd3b66457fb8c748ace929b9726ba17378ec5,bb43d0ad549b7e57213aab7dca185a96972dab5a6e0ad093afcd5ecde5eef177,4111f16c22c7dc79cfccef7454f41002eff524d9c2fbf0d002c57e6c1205695b,a8930014ab5ec61c66ca6ab61901c6e97c26147b7b37bd687114fc2279839cce,3bebc6f8ab6470dfb6ede8e7e21a3fd1d2a6191eb75a6894f4c2afa3965933c9,193a79213c97458549a4ab5d464345bcf18f02cbf1c50e3722d94aa127812828
true_pair,42,101,0.5,validation,0.777109973243344,0.8842105263157894,0.5789473684210527,4.946468892013818,0.7805876248340935,0.5824561403508772,0.19351266705426634,0.7869981951992342,0.1722371676723121,0.4807017543859649,0.47719298245614034,0.011797904968261719,0.502949442030937,/workspace/pair-aware/results_v3/bf16/validation_only/true_pair/lambda_0p5/split_42/model_seed_101,256a5969f7379b3ba0dc96344fec878acdd87deff383baa164ea9edc173b860a,d96752aef203095472130057c7e4d16b56e8b3c22646d8f7fade12fd47bcfd78,ed69610d3f2362af391c11ab822fd3b66457fb8c748ace929b9726ba17378ec5,bb43d0ad549b7e57213aab7dca185a96972dab5a6e0ad093afcd5ecde5eef177,5998010fa6334feedfd19d845a11bea6efcb0134562403450df57e864711e3e4,20744c5a92611a98a5182f75768c1a4e8dbec87c6f187fb775e9d39dca8ab3ae,11d1fdd56e76b88a59d9cea5d92cfc0faff6666271cd1d17abb7117f12ccddcb,b32e2ca2ac3205c0d779559711e3f866f216ffda5bd8e992750d7751d768c4b3
true_pair,73,13,0.5,validation,0.7684643983392196,0.8631578947368421,0.5578947368421052,7.47074981154057,0.782413279316332,0.5929824561403508,0.21455024874781697,1.189274738124411,0.2145110674545177,0.41403508771929826,0.48596491228070177,-2.71875,0.06187598572364272,/workspace/pair-aware/results_v3/bf16/validation_only/true_pair/lambda_0p5/split_73/model_seed_13,992b12164f3a8dc764d3b7eb9cae0445b73ecdc100e962fe8481bcd63737e0f6,d96752aef203095472130057c7e4d16b56e8b3c22646d8f7fade12fd47bcfd78,13da7362da5a91f87c78ef27ecce6939441c8b6b383319781bcd155a34ade1e4,bb43d0ad549b7e57213aab7dca185a96972dab5a6e0ad093afcd5ecde5eef177,49951a1be427e7ff72794d690ca81ff2d37533705dbf61b903404062f868aab7,aefe27e12e8c0cc3b1fee92362a845e811786a76eed65cdf4d3ac03ed0c932ef,b661691ce13d0499e5fb57ab57cb34218d732f75b531a911b60eabf34d6c6825,df6847239272a22690f56bdcd70c1a52cfa58c52b24131d855a4cc0f44524b87
true_pair,73,40,0.5,validation,0.7695789964173191,0.8385964912280702,0.5754385964912281,7.586612955729167,0.7822389825495415,0.5894736842105263,0.21484099183745445,1.272304330317182,0.21054191718960508,0.44912280701754387,0.531578947368421,-5.15625,0.005730246514992079,/workspace/pair-aware/results_v3/bf16/validation_only/true_pair/lambda_0p5/split_73/model_seed_40,a13079d53213c27299685f89bb60b1272f46a77754a6358e7c830271f10559f6,d96752aef203095472130057c7e4d16b56e8b3c22646d8f7fade12fd47bcfd78,13da7362da5a91f87c78ef27ecce6939441c8b6b383319781bcd155a34ade1e4,bb43d0ad549b7e57213aab7dca185a96972dab5a6e0ad093afcd5ecde5eef177,7f882c00f7a72d78b54ae68a04ed1bf90fea74b45f4cdd61062d24bc6966c237,ec166fd90292b1b1c7d090bb952b6367242fd29d3513bdeec49594de63129948,ce1b34e107682d1ad956c7392769ff089505a192b34a266ababd50e68eda5512,a5930be7d69c7683a2c63bbb19d310490817742037070c110c4d9133d6765f18
true_pair,73,101,0.5,validation,0.7622615277670503,0.8526315789473684,0.543859649122807,2.7712344520970396,0.7771758368603309,0.5649122807017544,0.17392287873112683,0.5461266583749799,0.10086965402512446,0.43859649122807015,0.49122807017543857,-0.6552734375,0.34180216611476727,/workspace/pair-aware/results_v3/bf16/validation_only/true_pair/lambda_0p5/split_73/model_seed_101,e1ceb2b2e46d9654a234f2792401ed1284ed7c84309114e48585dda256ced806,d96752aef203095472130057c7e4d16b56e8b3c22646d8f7fade12fd47bcfd78,13da7362da5a91f87c78ef27ecce6939441c8b6b383319781bcd155a34ade1e4,bb43d0ad549b7e57213aab7dca185a96972dab5a6e0ad093afcd5ecde5eef177,51fd0d0d4c86b4d6d22ba043076efd87bf64b0d26b6a5ba47cc4e9e4db73ab57,169f5aeff7442deb1c48584d821def9bc335a2df495157c47065a2c34852ee3b,df9ef58a99a5fc6624cac246edd400b41767d7c93af3e171ddf9197e27b10fa7,320b7aa8f49a31d58e9b6008b5538104539f9280f7d5146344dbea2b24f1114e
true_pair,101,13,0.5,validation,0.7788139351532473,0.8596491228070176,0.5929824561403508,5.56633375736705,0.7911760087925891,0.6,0.19166517870013317,0.7880103328569573,0.17829312171070555,0.47543859649122805,0.5157894736842106,-1.6015625,0.16776334721819922,/workspace/pair-aware/results_v3/bf16/validation_only/true_pair/lambda_0p5/split_101/model_seed_13,a31101a6f250e75fc50604c143a518f342dbdc81585d2cf13680314697323cfc,d96752aef203095472130057c7e4d16b56e8b3c22646d8f7fade12fd47bcfd78,8fa1106caddcf6eb0c1bec78a171b8f03f4615d846c63b3bb037293829723f0a,bb43d0ad549b7e57213aab7dca185a96972dab5a6e0ad093afcd5ecde5eef177,4225fae8920a600a00e158050cc4a9bee23c6c6157a8e9bb2370245fceb520e2,32284a19fa6881257c148c6ab630dc6ac2caac960596ace2c7ed73df41197bb2,d2c8eb9c32d25c63739caaea9b3cd77c85620a7cdd9ef290746c03c2ae75617c,acb8ef60b9c37f00edad222b1dc209b669a0c6a8e0d954c5fc322d932bf3c683
true_pair,101,40,0.5,validation,0.7568645521656148,0.8350877192982457,0.5543859649122806,7.114796849300987,0.782284594817708,0.5894736842105263,0.23143611656409965,1.3715171909801172,0.22974567081424913,0.3929824561403509,0.47192982456140353,-4.59375,0.010013570623173138,/workspace/pair-aware/results_v3/bf16/validation_only/true_pair/lambda_0p5/split_101/model_seed_40,3b6d8254f84aa5bfbe2190379f5d0994504f35a536df54ef340e5c900a142d39,d96752aef203095472130057c7e4d16b56e8b3c22646d8f7fade12fd47bcfd78,8fa1106caddcf6eb0c1bec78a171b8f03f4615d846c63b3bb037293829723f0a,bb43d0ad549b7e57213aab7dca185a96972dab5a6e0ad093afcd5ecde5eef177,d55277a23fd65773aa6d88a4fc8129f2001605bb2cb0f1d5e3ac0dbfb4fa512e,8ece466368f6c85569b89809e56d7cc27932c9477b47b0ae5f2844b8dc0d268a,13e6b1fae034fa2c44c3b6b5fd6c2eaafef9cc53720a467ae6df17aeca77d8ad,bef2071aab0e3ef918c0b1d27396d01ba96743c25c2b242ee446ff7a69d86ca4
true_pair,101,101,0.5,validation,0.7653311706201189,0.8175438596491228,0.5719298245614035,8.007176877741228,0.7805065139505438,0.5929824561403508,0.22492800995609513,1.434202624537345,0.22692053143323787,0.4245614035087719,0.47017543859649125,-3.90625,0.019719128107346585,/workspace/pair-aware/results_v3/bf16/validation_only/true_pair/lambda_0p5/split_101/model_seed_101,d23d35293a5855d53d348a80ede34cdcff87d862d84755fec16eb81e207f3d24,d96752aef203095472130057c7e4d16b56e8b3c22646d8f7fade12fd47bcfd78,8fa1106caddcf6eb0c1bec78a171b8f03f4615d846c63b3bb037293829723f0a,bb43d0ad549b7e57213aab7dca185a96972dab5a6e0ad093afcd5ecde5eef177,327f205018797e47f6827ddb8e5f366ba8fefe7f794d929b7a4a4b1aae3868a3,e147335d6ef9081aaf39f7e32a21d4dbb188d35efa7350c7b9e59ef4cc321822,014461c551bcf6532b2b1147db0bdc61570ce13bc768b870d64dd711bfe04f79,b0e04724eb4f9ee31534733dfcaa983058b47c5f2ab31c4fcc9a30963be70438
true_pair,13,13,1.0,validation,0.8051282051282052,0.8947368421052632,0.6350877192982456,7.452858801055373,0.8069581280788177,0.6385964912280702,0.18367052128703554,0.962765983099773,0.18141129602052544,0.47368421052631576,0.4824561403508772,-0.90625,0.2877678157610531,/workspace/pair-aware/results_v3/bf16/validation_only/true_pair/lambda_1p0/split_13/model_seed_13,53ed918de94d440e5bd4c163c8d58efc53ab0841bb4264b8b6ef6b25f065f32c,d7c5a5944cb47ad77a71c86e1293e6cdfb4eafb5defc6502746beaccb236e696,0408158bfbf5a1ca3328d04ddad80f5c3e933f8182d3f4e6e18871b17bfb46e2,bb43d0ad549b7e57213aab7dca185a96972dab5a6e0ad093afcd5ecde5eef177,a2bd4f2c239a3054bc4260ef472bf0c074f6591dcf70337d7c7f9a5a44e821ba,5fec946f8d17a10f562cd0121d9b4c82c2709d1c0b76b0865c59c77dcc869a64,f7a51d6954a337c3e5962e75687444cfbb507d5f0f3e7c93e63332b693e9ff06,fd22e26befe2e2aef49f74bffb6f9509c660c84e0b710f96d4d7699ed6be1985
true_pair,13,40,1.0,validation,0.8122662562524048,0.8631578947368421,0.6385964912280702,9.23550233004386,0.8157208440200875,0.6456140350877193,0.18047033278848265,1.135920893949314,0.18056136763576314,0.49122807017543857,0.519298245614035,-3.3984375,0.03234433238115709,/workspace/pair-aware/results_v3/bf16/validation_only/true_pair/lambda_1p0/split_13/model_seed_40,8d8c8f57bbf1d0f0a523000b31ed53afd9b5fae3a93f1c455757382af7431e56,d7c5a5944cb47ad77a71c86e1293e6cdfb4eafb5defc6502746beaccb236e696,0408158bfbf5a1ca3328d04ddad80f5c3e933f8182d3f4e6e18871b17bfb46e2,bb43d0ad549b7e57213aab7dca185a96972dab5a6e0ad093afcd5ecde5eef177,39de3f364d145b8dbc81a82d124937ff2ee4143d714bdb59ff2199a3943927ea,617baf393cd5d4f6567cb705df540d1cea4844c4f48ca04f92a9e27e5c5ec748,f588a65d5fd35909b8dfab9fca564e529a8371082c27b7935d50b691a167e343,70973757ae6d46405d5a4a72201d551b5bfb2c9585b86d51ee3c0fb5e66f302d
true_pair,13,101,1.0,validation,0.7947058805421563,0.887719298245614,0.6105263157894737,4.408948503460801,0.8069581280788177,0.6280701754385964,0.16572726583549904,0.5824899416621522,0.1247675562514118,0.48771929824561405,0.5175438596491229,-0.59210205078125,0.35615269173009984,/workspace/pair-aware/results_v3/bf16/validation_only/true_pair/lambda_1p0/split_13/model_seed_101,374f7fcd12c5116825a92b06ccba9dca9bdd84ba4408e1a2468548a8879bb426,d7c5a5944cb47ad77a71c86e1293e6cdfb4eafb5defc6502746beaccb236e696,0408158bfbf5a1ca3328d04ddad80f5c3e933f8182d3f4e6e18871b17bfb46e2,bb43d0ad549b7e57213aab7dca185a96972dab5a6e0ad093afcd5ecde5eef177,a891b52dd28cdeeec722710cde21cd25cba476dfd8f77e64ce504d93a27a2ae6,b8047f6ba32555ac50c5cb836311f77b17d49477202c47dd5f24c94ea8d7278c,2a279a98e7ced12864b64e348855ea00507d32689392ec961f2606fa705b749f,aed6aaf3bcd736fa3e5d69c68caa15d72e0bcaf8795e12d6d2ca046bb245611d
true_pair,21,13,1.0,validation,0.7751617873651772,0.8842105263157894,0.5614035087719298,3.031688382332785,0.787702962677953,0.5789473684210527,0.16703623986923197,0.5299005971344704,0.10260952973420075,0.4649122807017544,0.5087719298245614,-0.53173828125,0.37011155286261094,/workspace/pair-aware/results_v3/bf16/validation_only/true_pair/lambda_1p0/split_21/model_seed_13,10ed6cd8ee07cc5d905fdb7033fd2ee7291c3f3a2a9d05458903ed9d352363b6,d7c5a5944cb47ad77a71c86e1293e6cdfb4eafb5defc6502746beaccb236e696,ca3ef356e825e341ddf0a4066037de4a278a1671b324c5e6048a65ae99638be7,bb43d0ad549b7e57213aab7dca185a96972dab5a6e0ad093afcd5ecde5eef177,2f1ae50068b15d2fd4ca2f2fdbeef1a286c7be8f2d27bb6b1eac9a1f41d06f3f,a13c32d775137482e469818dc54da355f444d74847fea89930b1cf475ccf8153,81cae609fdf5a1680c02589ebdbf4e274c3e241c2310277d2a072e2b42200a44,542f0fc82376cd771a01a1b88258c68d551231b7d99e2e1ce695582c159ab7fb
true_pair,21,40,1.0,validation,0.7730128203149358,0.8596491228070176,0.5649122807017544,6.856626704701206,0.7824561403508772,0.5789473684210527,0.21426339601259645,1.1892175965118994,0.2157165991842689,0.4456140350877193,0.5,-3.765625,0.022629200033037252,/workspace/pair-aware/results_v3/bf16/validation_only/true_pair/lambda_1p0/split_21/model_seed_40,5268f58c9787f037bdf04240a02376e66f2319d11c470c76b833777d9c993634,d7c5a5944cb47ad77a71c86e1293e6cdfb4eafb5defc6502746beaccb236e696,ca3ef356e825e341ddf0a4066037de4a278a1671b324c5e6048a65ae99638be7,bb43d0ad549b7e57213aab7dca185a96972dab5a6e0ad093afcd5ecde5eef177,1ca5e6f2e87683b5b1c4834e0fdc4b7538f0e4b24da9884fed0d8c2e87a7bcc8,d5c298a6c03de89eade984a32173e7b31159e550034e9aeb6bf54c86da308432,1fe0dfa5b5286fa43e0ccb3b5cfe1009dd1816bc42a30c08e8c7896344cf6912,25ed8a3b491c297f6cf51b7095d0a2f22b315244cafee256dfa6809a682020ec
true_pair,21,101,1.0,validation,0.7762501893172524,0.8631578947368421,0.5649122807017544,6.057470703125,0.7841567149704913,0.5894736842105263,0.20016495147684044,0.9129622968620269,0.18824729725266431,0.43508771929824563,0.5157894736842106,-2.87890625,0.05320620747238809,/workspace/pair-aware/results_v3/bf16/validation_only/true_pair/lambda_1p0/split_21/model_seed_101,5b11a35ce526ff158498bd4557abb01528c4f9e27ee18e31ae972a00edc8a687,d7c5a5944cb47ad77a71c86e1293e6cdfb4eafb5defc6502746beaccb236e696,ca3ef356e825e341ddf0a4066037de4a278a1671b324c5e6048a65ae99638be7,bb43d0ad549b7e57213aab7dca185a96972dab5a6e0ad093afcd5ecde5eef177,ae88bc9b92e69f44e5704d5c6b8d67cc1ea710c8430c360b9be978d13cd7fb6e,ac7d097be6114b72185d4cc260aaa154cb475f24ad6ef92e3dfe9d383954406c,d99e8e0c3e402d9fba2be9b4cf28b5008ae1dbd5b2a65608743013b5b601701b,2ae5ea23ac5051ff394e2426900382045004d77ca5133a5da8fd7858d8cccd7e
true_pair,40,13,1.0,validation,0.753791852299794,0.8315789473684211,0.5263157894736842,7.446982293379934,0.7646776101745045,0.5473684210526316,0.2338423690786412,1.5149804076279512,0.23472934468833337,0.45087719298245615,0.46842105263157896,-2.3828125,0.08449275397500923,/workspace/pair-aware/results_v3/bf16/validation_only/true_pair/lambda_1p0/split_40/model_seed_13,46cccfdffdd62c00d85d33d988c78d3d2bc7df22d05fb79295b781a2dbd02e82,d7c5a5944cb47ad77a71c86e1293e6cdfb4eafb5defc6502746beaccb236e696,cda10d0a5bd98b8fdfc5fa83e5af6da73433a71153c013f41c0811976cf6c4ae,bb43d0ad549b7e57213aab7dca185a96972dab5a6e0ad093afcd5ecde5eef177,b4b44b6e9876a803fb169f4dffb520dc91d8a50ba7e34f7ce5179601a77f91f1,8693a55389a50eb311836ac3c7646830c78e02e209b692eba65111724ad2c771,8390327c0218b6938986b845c754a101b2eb8c36614afee69760249737a022e9,dcb546a9592b97103251e743e16b735eee75777325fa3344dbde063aa60a5b9c
true_pair,40,40,1.0,validation,0.7288598398734802,0.8070175438596491,0.4842105263157895,7.45741759183114,0.736517719568567,0.5052631578947369,0.2626238291466997,1.7779450284096046,0.2621773282745247,0.44035087719298244,0.5350877192982456,-6.046875,0.002359660682063044,/workspace/pair-aware/results_v3/bf16/validation_only/true_pair/lambda_1p0/split_40/model_seed_40,3fe003236866a35b84c50e4f0f8fc43377c5727103b7d533fe098a26443a3143,d7c5a5944cb47ad77a71c86e1293e6cdfb4eafb5defc6502746beaccb236e696,cda10d0a5bd98b8fdfc5fa83e5af6da73433a71153c013f41c0811976cf6c4ae,bb43d0ad549b7e57213aab7dca185a96972dab5a6e0ad093afcd5ecde5eef177,586e6e2073a02a4c84ee80723822c208b7f8a1cd9eb3e82f821539585849ca81,1d2879fdbcbae8469aca8200747e64b13f6496da1ad282b542d90d43abf93001,8ec5bd4fbc18cf4603eaedd56658e988cf59d0c91428dee9e45f28c075cf04a0,ed11ce36b14f639cf8c660b150f89d3bbcaff22129ecc4fc198f077fd2424519
true_pair,40,101,1.0,validation,0.7344919810840576,0.8105263157894737,0.5017543859649123,5.966223787006579,0.748713664291814,0.519298245614035,0.24770229404519425,1.29657302002676,0.2440088204218473,0.45263157894736844,0.5403508771929825,-3.5234375,0.02865266930959345,/workspace/pair-aware/results_v3/bf16/validation_only/true_pair/lambda_1p0/split_40/model_seed_101,d92a4100ac79d1c5acdf122a98d1ae061167bf982095ec930566f0e03c090d95,d7c5a5944cb47ad77a71c86e1293e6cdfb4eafb5defc6502746beaccb236e696,cda10d0a5bd98b8fdfc5fa83e5af6da73433a71153c013f41c0811976cf6c4ae,bb43d0ad549b7e57213aab7dca185a96972dab5a6e0ad093afcd5ecde5eef177,86c64d7458747995b598c9a406bc025447a7f99a3806d608707c7100040627f7,6f6c7bdaf5b0861945691a33740b73f53434c4402ce3d11b3f31d111f20decdd,3774670c98d52a3804b71c3098472df064c34da4c7ca801dace5760b0a6f0580,e44d773d240862d92a7d1d84ccf9e71b957a9375e0d4a3b859939a77a5658198
true_pair,42,13,1.0,validation,0.7745392516779768,0.8771929824561403,0.5649122807017544,6.937976556075247,0.7839704935308237,0.5859649122807018,0.2100501416472991,1.1402651344771035,0.20413858556937764,0.4368421052631579,0.5333333333333333,-4.328125,0.013020490113842825,/workspace/pair-aware/results_v3/bf16/validation_only/true_pair/lambda_1p0/split_42/model_seed_13,2f2000f873705f86b8282f2463684bb22b57b0cd0c3d932dec51a94df83ab576,d7c5a5944cb47ad77a71c86e1293e6cdfb4eafb5defc6502746beaccb236e696,ed69610d3f2362af391c11ab822fd3b66457fb8c748ace929b9726ba17378ec5,bb43d0ad549b7e57213aab7dca185a96972dab5a6e0ad093afcd5ecde5eef177,a8a489f63c47f8cf2edd56a3d3ca20a6d660f68ac1e1fcd666ea2152c6401734,ae1abd12f6e6d93af34ff3c96aeb6afa11eabe8e353e2bd91c65a3344c86df75,d60d5358218dc2c53c64dc38b797a28ef4dfbc3ced50ef62a7771180146dd5a6,b27ad8f930f8a5023ebbaece051e0c2dbd4b2793f9451e83ff5e1b16ca018980
true_pair,42,40,1.0,validation,0.7751617873651772,0.8807017543859649,0.5684210526315789,8.964429139254387,0.7771922966829692,0.5789473684210527,0.2136977880599736,1.4671516730165393,0.21672229303692075,0.4649122807017544,0.4982456140350877,-2.6015625,0.06903792817478999,/workspace/pair-aware/results_v3/bf16/validation_only/true_pair/lambda_1p0/split_42/model_seed_40,e13078ed63c7e2bcba142a259b3b4fff450d3791d43f3259698995e3e0629b09,d7c5a5944cb47ad77a71c86e1293e6cdfb4eafb5defc6502746beaccb236e696,ed69610d3f2362af391c11ab822fd3b66457fb8c748ace929b9726ba17378ec5,bb43d0ad549b7e57213aab7dca185a96972dab5a6e0ad093afcd5ecde5eef177,1c3ead8e7cf3dad90e8ebee43b128fb2ceb75d8cbbb9ec14b567d0c26d4e69b0,c39c5f525828c99613b40858302834dd2eb7f211221f3d4cecc8ae6068f3e698,038f31ee09df117d83a9d98b7df47641b08d88aedd3ed66df4ee516fe82b68de,63f76ab04b8eca32dd9ea5f486398dc44049e08da74c3c2bf2a75307e63fca84
true_pair,42,101,1.0,validation,0.7701690720887928,0.887719298245614,0.5649122807017544,6.193722587719298,0.7836505080864904,0.5859649122807018,0.20303105603269342,0.9542665449914195,0.19792872762893982,0.49473684210526314,0.44912280701754387,1.83984375,0.862930226964697,/workspace/pair-aware/results_v3/bf16/validation_only/true_pair/lambda_1p0/split_42/model_seed_101,d252dd871ccdf79b4d0e86cda8223a21a10efdd8ae010d8a4ddec12ba918f1a3,d7c5a5944cb47ad77a71c86e1293e6cdfb4eafb5defc6502746beaccb236e696,ed69610d3f2362af391c11ab822fd3b66457fb8c748ace929b9726ba17378ec5,bb43d0ad549b7e57213aab7dca185a96972dab5a6e0ad093afcd5ecde5eef177,257fae2dfd382d343cf58408237d0c4dd83245d2f1ad559a7efd592854d57517,cef5392a9c6826e77c1ff232e3f29a5212bf572c74a71741ef86c029698ab0ee,66ee19ef81c9326dc06d14fb320fb8b35f099bd3efddbf1f1b33cfe6163d889e,d8440c06953bfff56e2817ea31bfef59f171b404d1fabcfe410d57993cfcece9
true_pair,73,13,1.0,validation,0.7821879815100155,0.8350877192982457,0.5929824561403508,6.41464201274671,0.783917228370919,0.5964912280701754,0.2026485674934241,1.0215818475096525,0.19603318385094998,0.4649122807017544,0.4631578947368421,0.017578125,0.5043944180978035,/workspace/pair-aware/results_v3/bf16/validation_only/true_pair/lambda_1p0/split_73/model_seed_13,f2fa1945c87b1270fa12fdc7b8e5b1cc7fe6b5dd7482a1cac4200f6929cc3ba8,d7c5a5944cb47ad77a71c86e1293e6cdfb4eafb5defc6502746beaccb236e696,13da7362da5a91f87c78ef27ecce6939441c8b6b383319781bcd155a34ade1e4,bb43d0ad549b7e57213aab7dca185a96972dab5a6e0ad093afcd5ecde5eef177,06aa0221a9fe83e2e0d1c6d1d5f7a82c1b215b624c92249e179a78b31d1c5dd9,9a261d19c4135410d5dab3e3e3fff036f9b213e0f5a0b78153b61166a74baafe,7ff9af19ed2ebccb2e36271370aae72dfbe015e6be6d5a61ab68d04aefb6ac97,eb6cb920d05756fd1b66174f4a4c01b8072e1f4fb152370919d966a1529711da
true_pair,73,40,1.0,validation,0.7820025661271219,0.8280701754385965,0.5929824561403508,8.224646210252192,0.7871683860037832,0.6035087719298246,0.2063943218098487,1.2526285604385095,0.20239465274314572,0.4543859649122807,0.44912280701754387,0.5009765625,0.6226887995543804,/workspace/pair-aware/results_v3/bf16/validation_only/true_pair/lambda_1p0/split_73/model_seed_40,dfd2a5425ff857e85589e153fed8b2f7c80f0ae4a622e1efedc3708e73c8883c,d7c5a5944cb47ad77a71c86e1293e6cdfb4eafb5defc6502746beaccb236e696,13da7362da5a91f87c78ef27ecce6939441c8b6b383319781bcd155a34ade1e4,bb43d0ad549b7e57213aab7dca185a96972dab5a6e0ad093afcd5ecde5eef177,06560b4db77dce832ef98634b2441ac1c2db6f6b361923d3c47733f9f0776754,6674de2ce537b15b8f3a0eb52f44e2d3055d2facb0b85387cf69f47deaba7668,abfc1b6bb078e40454949732846578f3ffb5141074b28d70722891048f50c6f9,88095c2bea38bd3b47fcb13d06aaa39ed8e8693de49fc7abd0631e3d81f3d694
true_pair,73,101,1.0,validation,0.7746367500247109,0.8456140350877193,0.5649122807017544,8.648400450589364,0.7764436662126981,0.5684210526315789,0.2183321973581696,1.5017423870886148,0.21751637654244754,0.44035087719298244,0.4421052631578947,-0.078125,0.48047867804790706,/workspace/pair-aware/results_v3/bf16/validation_only/true_pair/lambda_1p0/split_73/model_seed_101,6826c11293d203114158ac07ca5d82beb2fd8d5a3f93019803d3cae251c23867,d7c5a5944cb47ad77a71c86e1293e6cdfb4eafb5defc6502746beaccb236e696,13da7362da5a91f87c78ef27ecce6939441c8b6b383319781bcd155a34ade1e4,bb43d0ad549b7e57213aab7dca185a96972dab5a6e0ad093afcd5ecde5eef177,3fbc3f3eb0e69b0a3a4e114846e2fab6977d2dfa8709dac9f76a506c8978c50d,8f7f113dee25da1a7d8def369efb3cd7e3b131a08e19cc702f225566226af930,c56441e62be83c67075f81b425a686632a3f66c6af99d88764434eac0b19eb4c,0530ecfc19ced3c3e085afbf5711b91e75f5c0c3fe4b7b81e004830d12279af6
true_pair,101,13,1.0,validation,0.7615365783365511,0.8526315789473684,0.5578947368421052,7.0149892706620065,0.7753390237593762,0.5789473684210527,0.22652941333854879,1.2353948343609944,0.22862301789023437,0.41754385964912283,0.5210526315789473,-4.734375,0.008711384457705506,/workspace/pair-aware/results_v3/bf16/validation_only/true_pair/lambda_1p0/split_101/model_seed_13,bb4e62a5205e6bbef7cb008f33bd1167e14556d2bb66b7356377c2f5ef5702b8,d7c5a5944cb47ad77a71c86e1293e6cdfb4eafb5defc6502746beaccb236e696,8fa1106caddcf6eb0c1bec78a171b8f03f4615d846c63b3bb037293829723f0a,bb43d0ad549b7e57213aab7dca185a96972dab5a6e0ad093afcd5ecde5eef177,e00f18f5eb4c4c654e71b27a5eda090d91cc2d116c10e35cd7dff80a6c43efd4,aea4f7965aece9afac789df8e1b63a44548482d7984b23873c0aad50341b21b4,e06e41308f2dceb923e8a2fe9165d81bc998551ffcdea2dd6e0ca05dd95a13c6,92261a1357cd34899dc9eb84d48801073ca7054a96fe42908d3ad154c3053875
true_pair,101,40,1.0,validation,0.7580037869045,0.8280701754385965,0.5508771929824562,7.20251893160636,0.7805497805497805,0.5789473684210527,0.23093295823284923,1.3351610658931756,0.2326937042301532,0.41754385964912283,0.47368421052631576,-3.9296875,0.019271137919768803,/workspace/pair-aware/results_v3/bf16/validation_only/true_pair/lambda_1p0/split_101/model_seed_40,23952ff360e089c5394871367c3bc6c09cf577a76df48aea7805bea0d663eba0,d7c5a5944cb47ad77a71c86e1293e6cdfb4eafb5defc6502746beaccb236e696,8fa1106caddcf6eb0c1bec78a171b8f03f4615d846c63b3bb037293829723f0a,bb43d0ad549b7e57213aab7dca185a96972dab5a6e0ad093afcd5ecde5eef177,da522547ef7475bbe087802eed4813b58b94fd90582e3e5ae26c0b1c41581493,f8ce85a2f5c540607c0d98e350f622b6c7366c6fc963499278625d23e2d2785d,5b188fbcb033bd1484556884a810e8acaf80c1e88ed81b226e142e2253404cc8,3ea10a6157ad66ca37674820f9fbd797c40b6ddc4c4c697177f55e21599ca54a
true_pair,101,101,1.0,validation,0.7588408052845641,0.856140350877193,0.543859649122807,2.9997182946456107,0.7715895640165713,0.5614035087719298,0.1847403615431344,0.5942049019941601,0.12641348938123395,0.4421052631578947,0.5385964912280702,-1.306640625,0.21304953207082516,/workspace/pair-aware/results_v3/bf16/validation_only/true_pair/lambda_1p0/split_101/model_seed_101,e2ffed3f705251378e7acfe2b943e60146761c1afe10fe5cb29d29ef37043815,d7c5a5944cb47ad77a71c86e1293e6cdfb4eafb5defc6502746beaccb236e696,8fa1106caddcf6eb0c1bec78a171b8f03f4615d846c63b3bb037293829723f0a,bb43d0ad549b7e57213aab7dca185a96972dab5a6e0ad093afcd5ecde5eef177,2d3dc263c93169a57d924c4f6cb54dd9f96bb06aaaeccda25cbc78c888be8d68,f6c156cdab2b293a6214d7ddc9b28248ecba9ea401dcbb05b3141012102aac35,d899856a3729df2dfd5fe4f5567cef0a2cba76adcc5e2095d7b286d2b12f656e,ae175e681d4a030baa1840cd6ffab55422d6ab04b71a91aa0e4c542eee3d38ce
true_pair,13,13,2.0,validation,0.802962962962963,0.8842105263157894,0.631578947368421,8.725627832245408,0.8085120153856111,0.6421052631578947,0.18420703723326368,1.1007396202165327,0.17834742317858657,0.4473684210526316,0.4631578947368421,-0.60107421875,0.35409796792495246,/workspace/pair-aware/results_v3/bf16/validation_only/true_pair/lambda_2p0/split_13/model_seed_13,fb6bc27af7f658c0f74b18e22b98ff3b752455dea1dd3ec6c821987411aa616e,b49ae453b10d6a47b462e5a8f7276572337b67b177499732d194895ddb78b7d4,0408158bfbf5a1ca3328d04ddad80f5c3e933f8182d3f4e6e18871b17bfb46e2,bb43d0ad549b7e57213aab7dca185a96972dab5a6e0ad093afcd5ecde5eef177,e768a2889cbd1d0130cd2aba9072afda3672aaf01109813c6179409131179645,6cf20f9554414463236e5a062189c566d9a12548b3d5d0cc7725ee459698d769,11044c2e645c5d867df3da9567c8bce6dd7632aa662a0e63901f34744680c4cf,fd2a52bff8a81c6e49f88d525a808067a53682c6a8415ad5ab7d33c1bc156664
true_pair,13,40,2.0,validation,0.8,0.8807017543859649,0.6175438596491228,5.998352157860472,0.8155845676482641,0.6421052631578947,0.17048118849457117,0.7396645036370953,0.15074384962858256,0.5,0.5333333333333333,-0.8125,0.30735801686526387,/workspace/pair-aware/results_v3/bf16/validation_only/true_pair/lambda_2p0/split_13/model_seed_40,72c304bbe7a13dd649c30286d6eb4c5e79cce47b679eeeb33632655e456b3e97,b49ae453b10d6a47b462e5a8f7276572337b67b177499732d194895ddb78b7d4,0408158bfbf5a1ca3328d04ddad80f5c3e933f8182d3f4e6e18871b17bfb46e2,bb43d0ad549b7e57213aab7dca185a96972dab5a6e0ad093afcd5ecde5eef177,047615fd43973faeaea0ac3d1760d46c530e523cc8e275de1f96dca95378ed1a,181e343161133b2e2ed189ccc79726d9b488a6cdfe1dccb9c9c3d3be95c9af05,a0523e26997ef40c2e3d9095c8585abeb65ddd1c8b865b411d3052a857fdd517,e1ca088eafdaa9263812170c652240ea832437aa69d58a8cf9d01ec18999b74f
true_pair,13,101,2.0,validation,0.7929722608684946,0.887719298245614,0.6070175438596491,8.572276868318257,0.7981704482124767,0.6175438596491228,0.19558112000483457,1.208041177635045,0.1919292745870927,0.49298245614035086,0.4807017543859649,1.181640625,0.7652426642688285,/workspace/pair-aware/results_v3/bf16/validation_only/true_pair/lambda_2p0/split_13/model_seed_101,b1f4888bc3fd39e91adf08fcf8b5fd383e74282dfe4c0128800f849d5b9b8e0b,b49ae453b10d6a47b462e5a8f7276572337b67b177499732d194895ddb78b7d4,0408158bfbf5a1ca3328d04ddad80f5c3e933f8182d3f4e6e18871b17bfb46e2,bb43d0ad549b7e57213aab7dca185a96972dab5a6e0ad093afcd5ecde5eef177,7ec15349cf4ed1bf7f36594aa6e38c72d9db0fd49cd2c328acb9512fa126ed56,7273d803a5e929f3710f1de0e3d7018871a46f61f2f22d41a4b74bccba262563,fe990136d35b45f8d2b506bbf2fa73b96b4d92e91bf97b7d0f97b4e18a9fcec1,f4982904c03b5bc2387685ccab77b01a04799601c7667bf9261cbbc0c94cf17f
true_pair,21,13,2.0,validation,0.7805497805497805,0.8666666666666667,0.5719298245614035,3.794112356085526,0.7805497805497805,0.5719298245614035,0.17953605834631442,0.606291240965738,0.13246500007659315,0.47368421052631576,0.47368421052631576,0.0,0.5,/workspace/pair-aware/results_v3/bf16/validation_only/true_pair/lambda_2p0/split_21/model_seed_13,e84f56aa20a5243369cfc68834b5fff4be2e0a818ed9e4c8826a1128da48cb17,b49ae453b10d6a47b462e5a8f7276572337b67b177499732d194895ddb78b7d4,ca3ef356e825e341ddf0a4066037de4a278a1671b324c5e6048a65ae99638be7,bb43d0ad549b7e57213aab7dca185a96972dab5a6e0ad093afcd5ecde5eef177,26b8c2ebd1a5f13005d7bccc0b1dd76f53364f6e3c48c1f408048008be7830fc,192812108b28020e703e37dfdc9ed8931edb64cee9e9d57bff38a70f4642edf3,ca4427c87786db36e72b680fb82951c6b9d51dcebbbf1b8b35d82de586dcca90,5bea91391539b08811318acb35bd7393b9843c40815505c328f6d749a98e45f4
true_pair,21,40,2.0,validation,0.76828126539864,0.8631578947368421,0.5473684210526316,4.173058011239035,0.7734827223969614,0.5578947368421052,0.1820216987574012,0.6253413516037253,0.14734330699159973,0.47543859649122805,0.5298245614035088,-0.76171875,0.3182732233534673,/workspace/pair-aware/results_v3/bf16/validation_only/true_pair/lambda_2p0/split_21/model_seed_40,cd2b10721ff929ad83726ce5a3326eb07498863e670d812aae6445aa8fa1d400,b49ae453b10d6a47b462e5a8f7276572337b67b177499732d194895ddb78b7d4,ca3ef356e825e341ddf0a4066037de4a278a1671b324c5e6048a65ae99638be7,bb43d0ad549b7e57213aab7dca185a96972dab5a6e0ad093afcd5ecde5eef177,d506210614c7dc15ff17bd21be981bde5c3258d98136b828e76aa9feffaa01d5,5245046cb109cee001693bdefab66c1ef3ea13b068c12a8672b89d6a7b547c66,aa028da9a224fbb3cf67ac31f980a78da436934669ef3174ec1afc5c50f9093f,2f07e678e43770db04d8dbe64860f61ac7491883b1af0cb515bf2f57f2bad460
true_pair,21,101,2.0,validation,0.7697324801480225,0.8596491228070176,0.5508771929824562,3.6643055363705286,0.7715247715247715,0.5543859649122806,0.18454853820922337,0.6064820611267293,0.1390038713711959,0.45614035087719296,0.45789473684210524,-0.115234375,0.4712232429912917,/workspace/pair-aware/results_v3/bf16/validation_only/true_pair/lambda_2p0/split_21/model_seed_101,2e3389ca957bb29adf2a2f94c26f9dc956e12629e065a3fe00f752b6d302890d,b49ae453b10d6a47b462e5a8f7276572337b67b177499732d194895ddb78b7d4,ca3ef356e825e341ddf0a4066037de4a278a1671b324c5e6048a65ae99638be7,bb43d0ad549b7e57213aab7dca185a96972dab5a6e0ad093afcd5ecde5eef177,8dfb0d71495876890601c70b187fc915f7949c7709437970b85364e05de05c48,f5ffbd7a0cf1dc205f5b10e62ace96d861fdf5caf9c413990550979bfd301317,a6fa35bb6e1af7854ae549bafc02bf4063cb625ef984f893cc071e46ca6bac8d,cb2070e9936466518b8c6eaf8f3bee6e3c7bae55b809283015f03f77690c6c97
true_pair,40,13,2.0,validation,0.7478180428749548,0.8456140350877193,0.5087719298245614,9.023760343852796,0.7593224413562268,0.5368421052631579,0.243493093372824,1.8551096839683188,0.24457963755879697,0.4280701754385965,0.4631578947368421,-3.53125,0.028436033044852663,/workspace/pair-aware/results_v3/bf16/validation_only/true_pair/lambda_2p0/split_40/model_seed_13,cec41a51875cd088ccb09fb35c93dc9f0aaefc372031deaba8435916fb173a4c,b49ae453b10d6a47b462e5a8f7276572337b67b177499732d194895ddb78b7d4,cda10d0a5bd98b8fdfc5fa83e5af6da73433a71153c013f41c0811976cf6c4ae,bb43d0ad549b7e57213aab7dca185a96972dab5a6e0ad093afcd5ecde5eef177,6e31f733c07bb94ef255c6b90dbdd51ce8586a86092add639d05b7a442b7a2a8,01cb6a8aa6127b30d24d43274000c15567165f178f4b4a1251cf47f7b40dfd33,3b27a0126f13a1c7e8aa97dccc4ecbea8b4c52dc8fe1a62c70c640bd37bb0858,90eebc4e4475366ece434e49d7cdbda4bb673783a19c80d2fb95a90a52080e50
true_pair,40,40,2.0,validation,0.7436039633244602,0.8315789473684211,0.5087719298245614,2.7955239814624453,0.7472159258894254,0.519298245614035,0.2058923271546607,0.6816871464544462,0.1498162232050489,0.46842105263157896,0.47543859649122805,-0.1083984375,0.472926895016024,/workspace/pair-aware/results_v3/bf16/validation_only/true_pair/lambda_2p0/split_40/model_seed_40,7b9616924529df49481471af1d7c29611c5b6cf25a8223a2f7e34116f4ce782f,b49ae453b10d6a47b462e5a8f7276572337b67b177499732d194895ddb78b7d4,cda10d0a5bd98b8fdfc5fa83e5af6da73433a71153c013f41c0811976cf6c4ae,bb43d0ad549b7e57213aab7dca185a96972dab5a6e0ad093afcd5ecde5eef177,dc486a4cb4331848a50e1fe1a3b6f72d6885bc0152ec96dca5b982b42e32dcf5,62480d97ef17a47358ad1e70cc00a08264f939113d56454e711432de99b29b7d,9be31b1757391e2ec4d3e2d0b9de3d497538df7285989165cda96cd9013f2247,a5f85a2b7d13bc6e9296d5ed674a5aefe54438641f721bd102b88a6d2a250349
true_pair,40,101,2.0,validation,0.732777382789336,0.8596491228070176,0.48771929824561405,5.881967002467105,0.7487818183499302,0.5157894736842106,0.24339124583418542,1.2635296657584507,0.24063046901544952,0.4070175438596491,0.4631578947368421,-2.078125,0.11124120650754306,/workspace/pair-aware/results_v3/bf16/validation_only/true_pair/lambda_2p0/split_40/model_seed_101,0b24e531e63b918ab0d21882779c35b3993ea8db5d3f2749c47efaf97dad1770,b49ae453b10d6a47b462e5a8f7276572337b67b177499732d194895ddb78b7d4,cda10d0a5bd98b8fdfc5fa83e5af6da73433a71153c013f41c0811976cf6c4ae,bb43d0ad549b7e57213aab7dca185a96972dab5a6e0ad093afcd5ecde5eef177,3725b62ddd563aff1539b57757e4681401a2c48bfe9fc13efa065cdc762aaf43,7b407f1c972271ebbd0277a61d73d293a2a110acae19c0e0f475631349c04f21,19a22eb19335a2531ae85884e277b6452fac6c833985c52e5e8e95edc1e70989,393af55a1ad82da2d5b72d06c1f13d0f90b5d2b653afa3445e7272c4ea45f494
true_pair,42,13,2.0,validation,0.7766147522519047,0.8596491228070176,0.5719298245614035,9.06443085252193,0.7841779769802155,0.5859649122807018,0.21486608918842692,1.569140171613732,0.21521916168147742,0.44912280701754387,0.48771929824561405,-4.71875,0.008847355082930383,/workspace/pair-aware/results_v3/bf16/validation_only/true_pair/lambda_2p0/split_42/model_seed_13,13248d1853d6a771cbc8cf5b9fabfa709df4108c9f1276f59bb3580af5a27384,b49ae453b10d6a47b462e5a8f7276572337b67b177499732d194895ddb78b7d4,ed69610d3f2362af391c11ab822fd3b66457fb8c748ace929b9726ba17378ec5,bb43d0ad549b7e57213aab7dca185a96972dab5a6e0ad093afcd5ecde5eef177,f4c105635f70a57c71a136d44459cdc3c4430302f6d9a099e8683f8b58360944,d74818607bd5bc147051cf781ad7b7232a3a3c5550e739db08d65419ef24752d,76b5dd26d81ae58ba7d62e008afafa53bda3066b42bd0ae370f90d0d036ff288,95d1aaed1ab41f58b28ef49169dddabc7398a56eb8c69ecbb1b17136f42db585
true_pair,42,40,2.0,validation,0.7654531447718111,0.8736842105263158,0.5578947368421052,8.676178299753289,0.7837946187649372,0.5859649122807018,0.22213528883408518,1.558414013021066,0.22439874038162705,0.4280701754385965,0.45614035087719296,-3.0859375,0.04369106064046813,/workspace/pair-aware/results_v3/bf16/validation_only/true_pair/lambda_2p0/split_42/model_seed_40,5e76a3da61ee00577e48d5180a211163110efae3687b7046c02de398f31f1c80,b49ae453b10d6a47b462e5a8f7276572337b67b177499732d194895ddb78b7d4,ed69610d3f2362af391c11ab822fd3b66457fb8c748ace929b9726ba17378ec5,bb43d0ad549b7e57213aab7dca185a96972dab5a6e0ad093afcd5ecde5eef177,7f4bd7f3cfedc16352660371910589c5c6ee9bba76e10e1ae4eba0dbdb9aa66b,aa4edfba225c3e43c4af9b1b4f7f26fe6c26c6cb45f12df19237b9e5b05ef521,e04034209a9ec22590f4cb4059ee971c01b74e05ae404db82cd5958c998218c5,3b5b7871d82d40dde092a3c457a2173849628761848e3e113ba5682bd3499aef
true_pair,42,101,2.0,validation,0.7697324801480225,0.8666666666666667,0.5649122807017544,6.522782737330386,0.7824561403508772,0.5824561403508772,0.20570044358305106,0.9911724525823368,0.1978336287133881,0.45614035087719296,0.5,-1.1845703125,0.2342314371669467,/workspace/pair-aware/results_v3/bf16/validation_only/true_pair/lambda_2p0/split_42/model_seed_101,90a9baf5d57fb21c8c672c498f9f2d296f7f975b34b3f67ff12f0d9fc021f4f1,b49ae453b10d6a47b462e5a8f7276572337b67b177499732d194895ddb78b7d4,ed69610d3f2362af391c11ab822fd3b66457fb8c748ace929b9726ba17378ec5,bb43d0ad549b7e57213aab7dca185a96972dab5a6e0ad093afcd5ecde5eef177,9ff159f02f4703f666ab1667d2fd3df791b719f547be642dbf24e38f011ac7cb,563d5362746290d87bd40f1cd79e45c3c6de999aa436aa4a75a7f38aec46fe9c,0f71e50df81edf1084cd222f696ffdb62d216894c4146f2d8ceb8b065e61e10d,fc0e543e6847ff35bf63bd5d9865aab146ad6e1c585e8eb5021d55e513206f3e
true_pair,73,13,2.0,validation,0.7697324801480225,0.8421052631578947,0.5614035087719298,2.3630496911835253,0.7805876248340935,0.5789473684210527,0.17148955442198793,0.5359647011140063,0.07781353528473871,0.45614035087719296,0.47719298245614034,-0.220703125,0.44504710025152877,/workspace/pair-aware/results_v3/bf16/validation_only/true_pair/lambda_2p0/split_73/model_seed_13,0ef758deec5d59f39034ba5667e28feac5a14a042dcb6303a6a2d7dde0082e53,b49ae453b10d6a47b462e5a8f7276572337b67b177499732d194895ddb78b7d4,13da7362da5a91f87c78ef27ecce6939441c8b6b383319781bcd155a34ade1e4,bb43d0ad549b7e57213aab7dca185a96972dab5a6e0ad093afcd5ecde5eef177,33233cbd5bba84450ab183a01492ad917a2203a5c08c48e826f1fb03195d4e6d,dd17215f005b88d745a0d17a6bf2395a1ade292b71f8d114f139d6c976d67350,6b32e8d3b1daedc392bfeac142cc31cd74e45ed2e70efc4a6e336df4706be53f,516f554a61143e8a3de710f87aa48f67f4b27aa6ec3c59ddbb696d054214220f
true_pair,73,40,2.0,validation,0.7744360902255639,0.8526315789473684,0.5684210526315789,6.787911826685855,0.7929799074165271,0.6070175438596491,0.2031065752593274,1.0432462399529852,0.19599067501101264,0.43333333333333335,0.4964912280701754,-2.5234375,0.07423137046083578,/workspace/pair-aware/results_v3/bf16/validation_only/true_pair/lambda_2p0/split_73/model_seed_40,47063f36883b19b29c5125a4f18d7b3f5778c5c7d99d71fa53e0e5d4c95b591f,b49ae453b10d6a47b462e5a8f7276572337b67b177499732d194895ddb78b7d4,13da7362da5a91f87c78ef27ecce6939441c8b6b383319781bcd155a34ade1e4,bb43d0ad549b7e57213aab7dca185a96972dab5a6e0ad093afcd5ecde5eef177,1423e1c266103ce8ed865a948d2c6a17dc45a58b255489cf0e42f0a8bda6971e,458ded7a9974b93d01a491dbc20f7fb8e23ac5219d6c3bca115b90d94f407de5,7531910c5b10205d7f8e2dca70441fc9376be8f58049ae4c212e3089f5e19f47,07f7e33a35fccc11ae7dd693723b854cd96a31afb67e12abd690b473ef0d8b33
true_pair,73,101,2.0,validation,0.780051182475713,0.8456140350877193,0.5789473684210527,9.307659376713268,0.7801326301691975,0.5789473684210527,0.2134266552607232,1.5567433380732325,0.21441961246737612,0.4456140350877193,0.44912280701754387,-0.5947265625,0.3555510977875717,/workspace/pair-aware/results_v3/bf16/validation_only/true_pair/lambda_2p0/split_73/model_seed_101,b5201250cb93e65a9d7211e233dcf1e7e6eda25d3a473048334779cc35032774,b49ae453b10d6a47b462e5a8f7276572337b67b177499732d194895ddb78b7d4,13da7362da5a91f87c78ef27ecce6939441c8b6b383319781bcd155a34ade1e4,bb43d0ad549b7e57213aab7dca185a96972dab5a6e0ad093afcd5ecde5eef177,f54a5fbd836c64b8bf639b34f8ea63517d4dcaf12667bc50bb56b2169f905326,3e7fc5a6b63c54f1621807feb51eb9083d260d8b89b79708c4c8a6fb1a5b7deb,885621a27d3f7662765ac1cf88dc5270a3148ad3b1a15726dc24af65dee5ab4c,295fd1c55ba9fbb5b5138f647fefe206bf607282210578f4d44d8337ad9de78b
true_pair,101,13,2.0,validation,0.7715247715247715,0.8526315789473684,0.5789473684210527,6.892545465837445,0.7994444444444444,0.6210526315789474,0.2038591005886585,0.9801337665560228,0.1981247597745478,0.45789473684210524,0.5526315789473685,-3.28125,0.03622005586497474,/workspace/pair-aware/results_v3/bf16/validation_only/true_pair/lambda_2p0/split_101/model_seed_13,3a7b8b003f7762c2563e123da9c82aba4678a9283e87e2a5440d9e27ae674b80,b49ae453b10d6a47b462e5a8f7276572337b67b177499732d194895ddb78b7d4,8fa1106caddcf6eb0c1bec78a171b8f03f4615d846c63b3bb037293829723f0a,bb43d0ad549b7e57213aab7dca185a96972dab5a6e0ad093afcd5ecde5eef177,f3b3efbdc787776f8d1a42c00e118373dcbde202b1e6079091b589789cd7cab6,5f3304f0951352cf1dcdaf5d6f694b64b690bd1b3492095d0ccd793ee04a28ab,8ceb903bdab41ae78874976d193f30d5f40c3277711ff00de5122d9c290d6266,baeb541c4dcb73347bf78bfc31b5fa5ab0e4ada5bcf48ae762c6844a424c76bc
true_pair,101,40,2.0,validation,0.7404878048780488,0.8526315789473684,0.5157894736842106,4.43546860008909,0.771710479336585,0.5719298245614035,0.20916888543760254,0.7679803661248156,0.1879702113855565,0.42105263157894735,0.5929824561403508,-2.765625,0.05921025074128593,/workspace/pair-aware/results_v3/bf16/validation_only/true_pair/lambda_2p0/split_101/model_seed_40,a91a77fdd47cf37153ccac022b7ff2ec6a5515140f6b23d75fa6576b07e5f3d9,b49ae453b10d6a47b462e5a8f7276572337b67b177499732d194895ddb78b7d4,8fa1106caddcf6eb0c1bec78a171b8f03f4615d846c63b3bb037293829723f0a,bb43d0ad549b7e57213aab7dca185a96972dab5a6e0ad093afcd5ecde5eef177,189e3f051cd0d77fd6e5320743ded922c44ec080177b72f3e4fefe3782160240,939a4a766ed9f368a8177bf20b623aa4c7c1818ce68deac83cd99534e7780ac2,723a71672bd79cc8031a580e1202d6961c5d54cb810f6b036daf6ca08bbbaf94,8ba111c5af314f6937a0f004a811c8e6d6e04f722756042ff3f370ac9056f826
true_pair,101,101,2.0,validation,0.7555919560972449,0.8385964912280702,0.543859649122807,6.644067168654057,0.782413279316332,0.5929824561403508,0.22896962045769156,1.1987903640260646,0.23078098725674,0.45263157894736844,0.5140350877192983,-3.421875,0.03161876726864549,/workspace/pair-aware/results_v3/bf16/validation_only/true_pair/lambda_2p0/split_101/model_seed_101,d7cd218a1cdc57e4ba4ee4a7670169188750978296b7a70222709c1a3db1ba8c,b49ae453b10d6a47b462e5a8f7276572337b67b177499732d194895ddb78b7d4,8fa1106caddcf6eb0c1bec78a171b8f03f4615d846c63b3bb037293829723f0a,bb43d0ad549b7e57213aab7dca185a96972dab5a6e0ad093afcd5ecde5eef177,1cd2552bd82f3ab15111675583d0859070c997008a2b798f7fc6f492ab3773e4,6ad4d5339fa9530a1cf6f2e381c1bddb10798bb6edb75740cc53938fa441a2d0,16ce4e72b362a9a12e648abb07385b3a93c01b7c2e4a12426c3bcd9c8d0fc606,e818c5a58ef7c1a6543607a44a42db98cb0a91daf779126733354bc4726f6b9c
